序号,定位时间,行驶速度,行驶里程,已停留/总停留,车辆状态,地理位置,车牌号码,行驶方向,location,TRANSID,INCEPTADDR
621,2023-09-01 09:16:05,0 km/h,47.4 km,0秒 / 0秒,在线 / 停车 / ACC开,"福建省厦门市思明区;洪莲里22号;洪莲里,聚丰新城,联丰新城",闽D0TL89,正北(0),"118.155633,24.48001",2243658.0,厦门市思明区洪莲中路42号店面
731,2023-09-01 09:33:04,0 km/h,50.2 km,0秒 / 30秒,在线 / 停车 / ACC开,"福建省厦门市思明区莲前街道;田厝路7号;前埔北区二里,庄总·云聚智慧社区,国贸新城",闽D0TL89,正北(0),"118.166637,24.476225",761.0,前埔西路295号
732,2023-09-01 09:33:34,0 km/h,50.2 km,30秒 / 30秒,在线 / 停车 / ACC开,"福建省厦门市思明区莲前街道;田厝路7号;前埔北区二里,庄总·云聚智慧社区,国贸新城",闽D0TL89,正北(0),"118.166637,24.476225",761.0,前埔西路295号
873,2023-09-01 10:00:31,0 km/h,53.17 km,0秒 / 59秒,在线 / 停车 / ACC开,"福建省厦门市思明区;前埔东路598号;岭兜小区(中区),中共福建光电有限公司支部,福光工业园",闽D0TL89,正北(0),"118.174227,24.48246",2229990.0,厦门市思明区前埔路506-508号“国企广场”A栋14层03.05单元
874,2023-09-01 10:01:00,0 km/h,53.17 km,29秒 / 59秒,在线 / 停车 / ACC开,"福建省厦门市思明区;前埔东路598号;岭兜小区(中区),中共福建光电有限公司支部,福光工业园",闽D0TL89,正北(0),"118.174227,24.48246",2229990.0,厦门市思明区前埔路506-508号“国企广场”A栋14层03.05单元
875,2023-09-01 10:01:30,0 km/h,53.17 km,59秒 / 59秒,在线 / 停车 / ACC开,"福建省厦门市思明区;前埔东路598号;岭兜小区(中区),中共福建光电有限公司支部,福光工业园",闽D0TL89,正北(0),"118.174227,24.48246",2229990.0,厦门市思明区前埔路506-508号“国企广场”A栋14层03.05单元
991,2023-09-01 10:20:30,0 km/h,58.71 km,0秒 / 0秒,在线 / 停车 / ACC开,"福建省厦门市湖里区湖里区无缘水乡;仙岳路;坛烧八味.五常香米饭(弘爱店),厦门颐祥弘爱护理院,弘爱医院",闽D0TL89,正北(0),"118.171656,24.506569",876123.0,厦门市湖里区仙岳路3777号 弘爱医院康复楼12楼
993,2023-09-01 10:21:00,0 km/h,58.72 km,0秒 / 1分,在线 / 停车 / ACC开,"福建省厦门市湖里区湖里区无缘水乡;仙岳路;坛烧八味.五常香米饭(弘爱店),厦门颐祥弘爱护理院,弘爱医院",闽D0TL89,正北(0),"118.171598,24.506673",978080.0,厦门市湖里区仙岳路3773号B106室
994,2023-09-01 10:21:30,0 km/h,58.72 km,30秒 / 1分,在线 / 停车 / ACC开,"福建省厦门市湖里区湖里区无缘水乡;仙岳路;坛烧八味.五常香米饭(弘爱店),厦门颐祥弘爱护理院,弘爱医院",闽D0TL89,正北(0),"118.171598,24.506673",978080.0,厦门市湖里区仙岳路3773号B106室
995,2023-09-01 10:22:00,0 km/h,58.72 km,1分 / 1分,在线 / 停车 / ACC开,"福建省厦门市湖里区湖里区无缘水乡;仙岳路;坛烧八味.五常香米饭(弘爱店),厦门颐祥弘爱护理院,弘爱医院",闽D0TL89,正北(0),"118.171598,24.506673",978080.0,厦门市湖里区仙岳路3773号B106室
5317,2023-09-05 08:49:09,0 km/h,271.5 km,0秒 / 0秒,在线 / 停车 / ACC开,"福建省厦门市湖里区江头街道;台湾街7号;江头菜市场,科瑞大厦-C幢,科瑞大厦-A幢",闽D0TL89,正北(0),"118.127328,24.495453",1394159.0,厦门市湖里区嘉禾路398号财富港湾509
5429,2023-09-05 09:12:30,0 km/h,273.47 km,7分33秒 / 7分54秒,在线 / 停车 / ACC开,"福建省厦门市思明区嘉莲街道;涵光路,嘉禾路辅路-涵光路交叉路口;涵光路17-19号小区,明发商业广场-北区,中国农业银行(厦门市分行)",闽D0TL89,正北(0),"118.118084,24.483302",1950.0,思明区莲景路62号
5430,2023-09-05 09:12:51,0 km/h,273.47 km,7分54秒 / 7分54秒,在线 / 停车 / ACC开,"福建省厦门市思明区嘉莲街道;涵光路,嘉禾路辅路-涵光路交叉路口;涵光路17-19号小区,明发商业广场-北区,中国农业银行(厦门市分行)",闽D0TL89,正北(0),"118.118084,24.483302",1950.0,思明区莲景路62号
5464,2023-09-05 09:17:49,0 km/h,275.3 km,0秒 / 2分30秒,在线 / 停车 / ACC开,"福建省厦门市思明区嘉莲街道;香莲里25号;德善堂(莲花门诊部),登七楼,香秀里",闽D0TL89,正北(0),"118.128624,24.491419",1289781.0,厦门市思明区嘉禾路321号706室
5465,2023-09-05 09:18:19,0 km/h,275.3 km,30秒 / 2分30秒,在线 / 停车 / ACC开,"福建省厦门市思明区嘉莲街道;香莲里25号;德善堂(莲花门诊部),登七楼,香秀里",闽D0TL89,正北(0),"118.128624,24.491419",1289781.0,厦门市思明区嘉禾路321号706室
5466,2023-09-05 09:18:49,0 km/h,275.3 km,1分 / 2分30秒,在线 / 停车 / ACC开,"福建省厦门市思明区嘉莲街道;香莲里25号;德善堂(莲花门诊部),登七楼,香秀里",闽D0TL89,正北(0),"118.128624,24.491419",1289781.0,厦门市思明区嘉禾路321号706室
5467,2023-09-05 09:19:19,0 km/h,275.3 km,1分30秒 / 2分30秒,在线 / 停车 / ACC开,"福建省厦门市思明区嘉莲街道;香莲里25号;德善堂(莲花门诊部),登七楼,香秀里",闽D0TL89,正北(0),"118.128624,24.491419",1289781.0,厦门市思明区嘉禾路321号706室
5468,2023-09-05 09:19:49,0 km/h,275.3 km,2分 / 2分30秒,在线 / 停车 / ACC开,"福建省厦门市思明区嘉莲街道;香莲里25号;德善堂(莲花门诊部),登七楼,香秀里",闽D0TL89,正北(0),"118.128624,24.491419",1289781.0,厦门市思明区嘉禾路321号706室
5469,2023-09-05 09:20:19,0 km/h,275.3 km,2分30秒 / 2分30秒,在线 / 停车 / ACC开,"福建省厦门市思明区嘉莲街道;香莲里25号;德善堂(莲花门诊部),登七楼,香秀里",闽D0TL89,正北(0),"118.128624,24.491419",1289781.0,厦门市思明区嘉禾路321号706室
5829,2023-09-05 10:51:07,0 km/h,283.97 km,0秒 / 1分,在线 / 停车 / ACC开,"福建省厦门市湖里区金山街道;金尚路528号;金尚公园,华林金盛花园,贝乐幼儿园",闽D0TL89,正北(0),"118.143564,24.500589",1754561.0,湖里区江头街道祥店里182号201、202
5830,2023-09-05 10:51:37,0 km/h,283.97 km,30秒 / 1分,在线 / 停车 / ACC开,"福建省厦门市湖里区金山街道;金尚路528号;金尚公园,华林金盛花园,贝乐幼儿园",闽D0TL89,正北(0),"118.143564,24.500589",1754561.0,湖里区江头街道祥店里182号201、202
5831,2023-09-05 10:52:07,0 km/h,283.97 km,1分 / 1分,在线 / 停车 / ACC开,"福建省厦门市湖里区金山街道;金尚路528号;金尚公园,华林金盛花园,贝乐幼儿园",闽D0TL89,正北(0),"118.143564,24.500589",1754561.0,湖里区江头街道祥店里182号201、202
5909,2023-09-05 11:11:39,0 km/h,303.54 km,0秒 / 30秒,在线 / 停车 / ACC开,"福建省厦门市集美区灌口镇;集美北大道788号-之18区;江淮轻卡,厦门迅闽车辆销售服务有限公司,爱觉管家式长租公寓",闽D0TL89,正北(0),"118.003056,24.598851",2242363.0,1.除医疗用毒性药品（中药饮片）外委托鹭燕医药股份有限公司【仓库地址：厦门市集美区灌南工业区安仁大道1599号（4号仓库）三层西侧、6#（鹭燕厦门现代医药仓储中心）自动化高架物流仓库及1-4层平层仓库】储存、配送
5910,2023-09-05 11:12:09,0 km/h,303.54 km,30秒 / 30秒,在线 / 停车 / ACC开,"福建省厦门市集美区灌口镇;集美北大道788号-之18区;江淮轻卡,厦门迅闽车辆销售服务有限公司,爱觉管家式长租公寓",闽D0TL89,正北(0),"118.003056,24.598851",2242363.0,1.除医疗用毒性药品（中药饮片）外委托鹭燕医药股份有限公司【仓库地址：厦门市集美区灌南工业区安仁大道1599号（4号仓库）三层西侧、6#（鹭燕厦门现代医药仓储中心）自动化高架物流仓库及1-4层平层仓库】储存、配送
6451,2023-09-05 15:59:07,0 km/h,334.6 km,0秒 / 30秒,在线 / 停车 / ACC开,"福建省厦门市湖里区江头街道祥岭路82号;祥岭路,祥店一路-祥岭路交叉路口;绿野餐饮(第二城幸福生活店),享来肠粉(第二城幸福生活店),贝乐学学习吧(湖里实验二小校区)",闽D0TL89,正北(0),"118.136256,24.506544",2205885.0,厦门市湖里区禾山路268号215室
6452,2023-09-05 15:59:37,0 km/h,334.6 km,30秒 / 30秒,在线 / 停车 / ACC开,"福建省厦门市湖里区江头街道祥岭路82号;祥岭路,祥店一路-祥岭路交叉路口;绿野餐饮(第二城幸福生活店),享来肠粉(第二城幸福生活店),贝乐学学习吧(湖里实验二小校区)",闽D0TL89,正北(0),"118.136256,24.506544",2205885.0,厦门市湖里区禾山路268号215室
7303,2023-09-06 08:33:08,0 km/h,370.96 km,0秒 / 0秒,在线 / 停车 / ACC开,"福建省厦门市集美区灌口镇;G319(安仁大道);兴永嵩超市,联杰公寓,安仁里小区",闽D0TL89,正北(0),"117.998953,24.603775",1081.0,集美灌口
7307,2023-09-06 08:34:38,0 km/h,371 km,0秒 / 3分30秒,在线 / 停车 / ACC开,"福建省厦门市集美区灌口镇安仁大道1471号;安仁大道辅路,安仁大道辅路-三社路交叉路口;厦门风味小吃(安仁里小区店),画咖工场美术馆,厦门厦工重工有限公司(铁山路)",闽D0TL89,正北(0),"117.998684,24.604079",1081.0,集美灌口
7308,2023-09-06 08:35:08,0 km/h,371 km,30秒 / 3分30秒,在线 / 停车 / ACC开,"福建省厦门市集美区灌口镇安仁大道1471号;安仁大道辅路,安仁大道辅路-三社路交叉路口;厦门风味小吃(安仁里小区店),画咖工场美术馆,厦门厦工重工有限公司(铁山路)",闽D0TL89,正北(0),"117.998684,24.604079",1081.0,集美灌口
7309,2023-09-06 08:35:38,0 km/h,371 km,1分 / 3分30秒,在线 / 停车 / ACC开,"福建省厦门市集美区灌口镇安仁大道1471号;安仁大道辅路,安仁大道辅路-三社路交叉路口;厦门风味小吃(安仁里小区店),画咖工场美术馆,厦门厦工重工有限公司(铁山路)",闽D0TL89,正北(0),"117.998684,24.604079",1081.0,集美灌口
7310,2023-09-06 08:36:08,0 km/h,371 km,1分30秒 / 3分30秒,在线 / 停车 / ACC开,"福建省厦门市集美区灌口镇安仁大道1471号;安仁大道辅路,安仁大道辅路-三社路交叉路口;厦门风味小吃(安仁里小区店),画咖工场美术馆,厦门厦工重工有限公司(铁山路)",闽D0TL89,正北(0),"117.998684,24.604079",1081.0,集美灌口
7311,2023-09-06 08:36:38,0 km/h,371 km,2分 / 3分30秒,在线 / 停车 / ACC开,"福建省厦门市集美区灌口镇安仁大道1471号;安仁大道辅路,安仁大道辅路-三社路交叉路口;厦门风味小吃(安仁里小区店),画咖工场美术馆,厦门厦工重工有限公司(铁山路)",闽D0TL89,正北(0),"117.998684,24.604079",1081.0,集美灌口
7312,2023-09-06 08:37:08,0 km/h,371 km,2分30秒 / 3分30秒,在线 / 停车 / ACC开,"福建省厦门市集美区灌口镇安仁大道1471号;安仁大道辅路,安仁大道辅路-三社路交叉路口;厦门风味小吃(安仁里小区店),画咖工场美术馆,厦门厦工重工有限公司(铁山路)",闽D0TL89,正北(0),"117.998684,24.604079",1081.0,集美灌口
7313,2023-09-06 08:37:38,0 km/h,371 km,3分 / 3分30秒,在线 / 停车 / ACC开,"福建省厦门市集美区灌口镇安仁大道1471号;安仁大道辅路,安仁大道辅路-三社路交叉路口;厦门风味小吃(安仁里小区店),画咖工场美术馆,厦门厦工重工有限公司(铁山路)",闽D0TL89,正北(0),"117.998684,24.604079",1081.0,集美灌口
7314,2023-09-06 08:38:08,0 km/h,371 km,3分30秒 / 3分30秒,在线 / 停车 / ACC开,"福建省厦门市集美区灌口镇安仁大道1471号;安仁大道辅路,安仁大道辅路-三社路交叉路口;厦门风味小吃(安仁里小区店),画咖工场美术馆,厦门厦工重工有限公司(铁山路)",闽D0TL89,正北(0),"117.998684,24.604079",1081.0,集美灌口
7665,2023-09-06 10:21:34,0 km/h,389.34 km,0秒 / 30秒,在线 / 停车 / ACC开,"福建省厦门市湖里区殿前街道;长浩路245号;明园楼,厦门市湖里区司法局(殿前司法所),厦门翔鹭国际大酒店",闽D0TL89,正北(0),"118.101508,24.524826",44313.0,厦门市湖里区寨上一组1009号之二
7666,2023-09-06 10:22:04,0 km/h,389.34 km,30秒 / 30秒,在线 / 停车 / ACC开,"福建省厦门市湖里区殿前街道;长浩路245号;明园楼,厦门市湖里区司法局(殿前司法所),厦门翔鹭国际大酒店",闽D0TL89,正北(0),"118.101508,24.524826",44313.0,厦门市湖里区寨上一组1009号之二
7793,2023-09-06 10:48:28,0 km/h,392.84 km,12分23秒 / 12分23秒,在线 / 停车 / ACC开,"福建省厦门市湖里区湖里街道;湖里大道59号;宁德时代,厦门盛元汽车有限公司,联泰大厦",闽D0TL89,正北(0),"118.10097,24.514966",69.0,湖里区湖里街道和悦里46号
7818,2023-09-06 10:50:50,0 km/h,393.82 km,0秒 / 1分30秒,在线 / 停车 / ACC开,"福建省厦门市湖里区湖里街道;湖里大道39号;台和电子有限公司,鼎兴商务大厦,厦门湖里工业区31号厂房",闽D0TL89,正北(0),"118.098893,24.514247",39813.0,湖里区湖里街道华昌路134号客家大厦第2层201-206单元
7819,2023-09-06 10:51:20,0 km/h,393.82 km,30秒 / 1分30秒,在线 / 停车 / ACC开,"福建省厦门市湖里区湖里街道;湖里大道39号;台和电子有限公司,鼎兴商务大厦,厦门湖里工业区31号厂房",闽D0TL89,正北(0),"118.098893,24.514247",39813.0,湖里区湖里街道华昌路134号客家大厦第2层201-206单元
7820,2023-09-06 10:51:50,0 km/h,393.82 km,1分 / 1分30秒,在线 / 停车 / ACC开,"福建省厦门市湖里区湖里街道;湖里大道39号;台和电子有限公司,鼎兴商务大厦,厦门湖里工业区31号厂房",闽D0TL89,正北(0),"118.098893,24.514247",39813.0,湖里区湖里街道华昌路134号客家大厦第2层201-206单元
7821,2023-09-06 10:52:20,0 km/h,393.82 km,1分30秒 / 1分30秒,在线 / 停车 / ACC开,"福建省厦门市湖里区湖里街道;湖里大道39号;台和电子有限公司,鼎兴商务大厦,厦门湖里工业区31号厂房",闽D0TL89,正北(0),"118.098893,24.514247",39813.0,湖里区湖里街道华昌路134号客家大厦第2层201-206单元
7906,2023-09-06 11:08:50,0 km/h,397.07 km,0秒 / 30秒,在线 / 停车 / ACC开,"福建省厦门市湖里区湖里街道南山路107-109号;南山路,湖滨东路-南山路交叉路口;真耶稣教会-湖里教堂,鑫小林汕味(南山公寓东区店),湖里公园-激情广场",闽D0TL89,正北(0),"118.100718,24.5045",2242442.0,湖里区湖里街道海天路65号B1之一及B2商场
7907,2023-09-06 11:09:20,0 km/h,397.07 km,30秒 / 30秒,在线 / 停车 / ACC开,"福建省厦门市湖里区湖里街道南山路107-109号;南山路,湖滨东路-南山路交叉路口;真耶稣教会-湖里教堂,鑫小林汕味(南山公寓东区店),湖里公园-激情广场",闽D0TL89,正北(0),"118.100718,24.5045",2242442.0,湖里区湖里街道海天路65号B1之一及B2商场
8116,2023-09-06 11:54:57,0 km/h,422.28 km,0秒 / 1分30秒,在线 / 停车 / ACC开,"福建省厦门市集美区灌口镇;集美北大道788号-之18区;江淮轻卡,厦门迅闽车辆销售服务有限公司,爱觉管家式长租公寓",闽D0TL89,正北(0),"118.003077,24.598877",2242363.0,1.除医疗用毒性药品（中药饮片）外委托鹭燕医药股份有限公司【仓库地址：厦门市集美区灌南工业区安仁大道1599号（4号仓库）三层西侧、6#（鹭燕厦门现代医药仓储中心）自动化高架物流仓库及1-4层平层仓库】储存、配送
8117,2023-09-06 11:55:27,0 km/h,422.28 km,30秒 / 1分30秒,在线 / 停车 / ACC开,"福建省厦门市集美区灌口镇;集美北大道788号-之18区;江淮轻卡,厦门迅闽车辆销售服务有限公司,爱觉管家式长租公寓",闽D0TL89,正北(0),"118.003077,24.598877",2242363.0,1.除医疗用毒性药品（中药饮片）外委托鹭燕医药股份有限公司【仓库地址：厦门市集美区灌南工业区安仁大道1599号（4号仓库）三层西侧、6#（鹭燕厦门现代医药仓储中心）自动化高架物流仓库及1-4层平层仓库】储存、配送
8118,2023-09-06 11:55:57,0 km/h,422.28 km,1分 / 1分30秒,在线 / 停车 / ACC开,"福建省厦门市集美区灌口镇;集美北大道788号-之18区;江淮轻卡,厦门迅闽车辆销售服务有限公司,爱觉管家式长租公寓",闽D0TL89,正北(0),"118.003077,24.598877",2242363.0,1.除医疗用毒性药品（中药饮片）外委托鹭燕医药股份有限公司【仓库地址：厦门市集美区灌南工业区安仁大道1599号（4号仓库）三层西侧、6#（鹭燕厦门现代医药仓储中心）自动化高架物流仓库及1-4层平层仓库】储存、配送
8119,2023-09-06 11:56:27,0 km/h,422.28 km,1分30秒 / 1分30秒,在线 / 停车 / ACC开,"福建省厦门市集美区灌口镇;集美北大道788号-之18区;江淮轻卡,厦门迅闽车辆销售服务有限公司,爱觉管家式长租公寓",闽D0TL89,正北(0),"118.003077,24.598877",2242363.0,1.除医疗用毒性药品（中药饮片）外委托鹭燕医药股份有限公司【仓库地址：厦门市集美区灌南工业区安仁大道1599号（4号仓库）三层西侧、6#（鹭燕厦门现代医药仓储中心）自动化高架物流仓库及1-4层平层仓库】储存、配送
8731,2023-09-06 16:11:29,0 km/h,449.04 km,0秒 / 1分,在线 / 停车 / ACC开,"福建省厦门市湖里区湖里街道;悦华路;客家餐厅,悦华公寓,车一族",闽D0TL89,正北(0),"118.107614,24.513889",2238264.0,厦门市湖里区悦华路123号301单元
8732,2023-09-06 16:11:59,0 km/h,449.04 km,30秒 / 1分,在线 / 停车 / ACC开,"福建省厦门市湖里区湖里街道;悦华路;客家餐厅,悦华公寓,车一族",闽D0TL89,正北(0),"118.107614,24.513889",2238264.0,厦门市湖里区悦华路123号301单元
8733,2023-09-06 16:12:29,0 km/h,449.04 km,1分 / 1分,在线 / 停车 / ACC开,"福建省厦门市湖里区湖里街道;悦华路;客家餐厅,悦华公寓,车一族",闽D0TL89,正北(0),"118.107614,24.513889",2238264.0,厦门市湖里区悦华路123号301单元
8755,2023-09-06 16:16:29,0 km/h,449.87 km,0秒 / 1分30秒,在线 / 停车 / ACC开,"福建省厦门市湖里区湖里街道;悦华路217号;恒盛工业大厦,龙腾花园,万稷优创中心",闽D0TL89,正北(0),"118.111892,24.517586",34535.0,湖里区湖里街道嘉园路79号之三之2、103、201、202、203、206、207、208室，81号104、204、209室
8756,2023-09-06 16:16:59,0 km/h,449.87 km,30秒 / 1分30秒,在线 / 停车 / ACC开,"福建省厦门市湖里区湖里街道;悦华路217号;恒盛工业大厦,龙腾花园,万稷优创中心",闽D0TL89,正北(0),"118.111892,24.517586",34535.0,湖里区湖里街道嘉园路79号之三之2、103、201、202、203、206、207、208室，81号104、204、209室
8757,2023-09-06 16:17:29,0 km/h,449.87 km,1分 / 1分30秒,在线 / 停车 / ACC开,"福建省厦门市湖里区湖里街道;悦华路217号;恒盛工业大厦,龙腾花园,万稷优创中心",闽D0TL89,正北(0),"118.111892,24.517586",34535.0,湖里区湖里街道嘉园路79号之三之2、103、201、202、203、206、207、208室，81号104、204、209室
8758,2023-09-06 16:17:59,0 km/h,449.87 km,1分30秒 / 1分30秒,在线 / 停车 / ACC开,"福建省厦门市湖里区湖里街道;悦华路217号;恒盛工业大厦,龙腾花园,万稷优创中心",闽D0TL89,正北(0),"118.111892,24.517586",34535.0,湖里区湖里街道嘉园路79号之三之2、103、201、202、203、206、207、208室，81号104、204、209室
9651,2023-09-07 09:22:27,0 km/h,505.02 km,0秒 / 7分,在线 / 停车 / ACC开,"福建省厦门市思明区开元街道;斗西路4号;厦门市口腔医院,星星月季花园,厦门艺术剧院",闽D0TL89,正北(0),"118.083721,24.46273",2154236.0,厦门市思明区故宫路102号思明区妇幼保健院分院
9652,2023-09-07 09:22:57,0 km/h,505.02 km,30秒 / 7分,在线 / 停车 / ACC开,"福建省厦门市思明区开元街道;斗西路4号;厦门市口腔医院,星星月季花园,厦门艺术剧院",闽D0TL89,正北(0),"118.083721,24.46273",2154236.0,厦门市思明区故宫路102号思明区妇幼保健院分院
9653,2023-09-07 09:23:27,0 km/h,505.02 km,1分 / 7分,在线 / 停车 / ACC开,"福建省厦门市思明区开元街道;斗西路4号;厦门市口腔医院,星星月季花园,厦门艺术剧院",闽D0TL89,正北(0),"118.083721,24.46273",2154236.0,厦门市思明区故宫路102号思明区妇幼保健院分院
9654,2023-09-07 09:23:57,0 km/h,505.02 km,1分30秒 / 7分,在线 / 停车 / ACC开,"福建省厦门市思明区开元街道;斗西路4号;厦门市口腔医院,星星月季花园,厦门艺术剧院",闽D0TL89,正北(0),"118.083721,24.46273",2154236.0,厦门市思明区故宫路102号思明区妇幼保健院分院
9655,2023-09-07 09:24:27,0 km/h,505.02 km,2分 / 7分,在线 / 停车 / ACC开,"福建省厦门市思明区开元街道;斗西路4号;厦门市口腔医院,星星月季花园,厦门艺术剧院",闽D0TL89,正北(0),"118.083721,24.46273",2154236.0,厦门市思明区故宫路102号思明区妇幼保健院分院
9656,2023-09-07 09:24:57,0 km/h,505.02 km,2分30秒 / 7分,在线 / 停车 / ACC开,"福建省厦门市思明区开元街道;斗西路4号;厦门市口腔医院,星星月季花园,厦门艺术剧院",闽D0TL89,正北(0),"118.083721,24.46273",2154236.0,厦门市思明区故宫路102号思明区妇幼保健院分院
9657,2023-09-07 09:25:27,0 km/h,505.02 km,3分 / 7分,在线 / 停车 / ACC开,"福建省厦门市思明区开元街道;斗西路4号;厦门市口腔医院,星星月季花园,厦门艺术剧院",闽D0TL89,正北(0),"118.083721,24.46273",2154236.0,厦门市思明区故宫路102号思明区妇幼保健院分院
9658,2023-09-07 09:25:57,0 km/h,505.02 km,3分30秒 / 7分,在线 / 停车 / ACC开,"福建省厦门市思明区开元街道;斗西路4号;厦门市口腔医院,星星月季花园,厦门艺术剧院",闽D0TL89,正北(0),"118.083721,24.46273",2154236.0,厦门市思明区故宫路102号思明区妇幼保健院分院
9659,2023-09-07 09:26:27,0 km/h,505.02 km,4分 / 7分,在线 / 停车 / ACC开,"福建省厦门市思明区开元街道;斗西路4号;厦门市口腔医院,星星月季花园,厦门艺术剧院",闽D0TL89,正北(0),"118.083721,24.46273",2154236.0,厦门市思明区故宫路102号思明区妇幼保健院分院
9660,2023-09-07 09:26:57,0 km/h,505.02 km,4分30秒 / 7分,在线 / 停车 / ACC开,"福建省厦门市思明区开元街道;斗西路4号;厦门市口腔医院,星星月季花园,厦门艺术剧院",闽D0TL89,正北(0),"118.083721,24.46273",2154236.0,厦门市思明区故宫路102号思明区妇幼保健院分院
9661,2023-09-07 09:27:27,0 km/h,505.02 km,5分 / 7分,在线 / 停车 / ACC开,"福建省厦门市思明区开元街道;斗西路4号;厦门市口腔医院,星星月季花园,厦门艺术剧院",闽D0TL89,正北(0),"118.083721,24.46273",2154236.0,厦门市思明区故宫路102号思明区妇幼保健院分院
9662,2023-09-07 09:27:57,0 km/h,505.02 km,5分30秒 / 7分,在线 / 停车 / ACC开,"福建省厦门市思明区开元街道;斗西路4号;厦门市口腔医院,星星月季花园,厦门艺术剧院",闽D0TL89,正北(0),"118.083721,24.46273",2154236.0,厦门市思明区故宫路102号思明区妇幼保健院分院
9663,2023-09-07 09:28:27,0 km/h,505.02 km,6分 / 7分,在线 / 停车 / ACC开,"福建省厦门市思明区开元街道;斗西路4号;厦门市口腔医院,星星月季花园,厦门艺术剧院",闽D0TL89,正北(0),"118.083721,24.46273",2154236.0,厦门市思明区故宫路102号思明区妇幼保健院分院
9664,2023-09-07 09:28:57,0 km/h,505.02 km,6分30秒 / 7分,在线 / 停车 / ACC开,"福建省厦门市思明区开元街道;斗西路4号;厦门市口腔医院,星星月季花园,厦门艺术剧院",闽D0TL89,正北(0),"118.083721,24.46273",2154236.0,厦门市思明区故宫路102号思明区妇幼保健院分院
9665,2023-09-07 09:29:27,0 km/h,505.02 km,7分 / 7分,在线 / 停车 / ACC开,"福建省厦门市思明区开元街道;斗西路4号;厦门市口腔医院,星星月季花园,厦门艺术剧院",闽D0TL89,正北(0),"118.083721,24.46273",2154236.0,厦门市思明区故宫路102号思明区妇幼保健院分院
9679,2023-09-07 09:32:27,0 km/h,506.23 km,0秒 / 30秒,在线 / 停车 / ACC开,"福建省厦门市思明区开元街道厦禾路532-106号;厦禾路,厦禾路-美仁前社交叉路口;吉小米家(冠成大厦店),每天咖啡(美仁宫店),211咖啡",闽D0TL89,正北(0),"118.086304,24.465156",31859.0,禾祥西路51号之九
9680,2023-09-07 09:32:57,0 km/h,506.23 km,30秒 / 30秒,在线 / 停车 / ACC开,"福建省厦门市思明区开元街道厦禾路532-106号;厦禾路,厦禾路-美仁前社交叉路口;吉小米家(冠成大厦店),每天咖啡(美仁宫店),211咖啡",闽D0TL89,正北(0),"118.086304,24.465156",31859.0,禾祥西路51号之九
9886,2023-09-07 10:08:59,0 km/h,510.31 km,0秒 / 0秒,在线 / 停车 / ACC开,"福建省厦门市思明区鹭江街道禾祥西路2-111号;禾祥西路,禾祥西二路-湖滨西路交叉路口;中国农业银行(厦门联邦支行),禾祥首府,21GRAM COFFEE(禾祥店)",闽D0TL89,正北(0),"118.074522,24.465697",2246653.0,福建省厦门思明鹭江道99号
11838,2023-09-08 08:44:50,0 km/h,662.34 km,0秒 / 1分30秒,在线 / 停车 / ACC开,"福建省厦门市湖里区湖里街道;悦华路217号;恒盛工业大厦,龙腾花园,万稷优创中心",闽D0TL89,正北(0),"118.11195,24.517574",34535.0,湖里区湖里街道嘉园路79号之三之2、103、201、202、203、206、207、208室，81号104、204、209室
11839,2023-09-08 08:45:20,0 km/h,662.34 km,30秒 / 1分30秒,在线 / 停车 / ACC开,"福建省厦门市湖里区湖里街道;悦华路217号;恒盛工业大厦,龙腾花园,万稷优创中心",闽D0TL89,正北(0),"118.11195,24.517574",34535.0,湖里区湖里街道嘉园路79号之三之2、103、201、202、203、206、207、208室，81号104、204、209室
11840,2023-09-08 08:45:50,0 km/h,662.34 km,1分 / 1分30秒,在线 / 停车 / ACC开,"福建省厦门市湖里区湖里街道;悦华路217号;恒盛工业大厦,龙腾花园,万稷优创中心",闽D0TL89,正北(0),"118.11195,24.517574",34535.0,湖里区湖里街道嘉园路79号之三之2、103、201、202、203、206、207、208室，81号104、204、209室
11841,2023-09-08 08:46:20,0 km/h,662.34 km,1分30秒 / 1分30秒,在线 / 停车 / ACC开,"福建省厦门市湖里区湖里街道;悦华路217号;恒盛工业大厦,龙腾花园,万稷优创中心",闽D0TL89,正北(0),"118.11195,24.517574",34535.0,湖里区湖里街道嘉园路79号之三之2、103、201、202、203、206、207、208室，81号104、204、209室
11969,2023-09-08 09:19:58,0 km/h,664.94 km,0秒 / 0秒,在线 / 停车 / ACC开,"福建省厦门市湖里区湖里街道;华荣路44号;厦门市湖里区华荣梅沙幼儿园,湖里派出所(兴隆路),厦门金鹭特种合金有限公司",闽D0TL89,正北(0),"118.103493,24.51181",2208454.0,厦门市湖里区湖里大道37号1、2号楼
12274,2023-09-08 10:30:13,0 km/h,689.31 km,0秒 / 1分,在线 / 停车 / ACC开,"福建省厦门市集美区灌口镇;杏前路;集美区食品餐饮行业自律协会,JAC江淮汽车,厦门沁坤供应链有限公司",闽D0TL89,正北(0),"118.003122,24.598782",2242363.0,1.除医疗用毒性药品（中药饮片）外委托鹭燕医药股份有限公司【仓库地址：厦门市集美区灌南工业区安仁大道1599号（4号仓库）三层西侧、6#（鹭燕厦门现代医药仓储中心）自动化高架物流仓库及1-4层平层仓库】储存、配送
12275,2023-09-08 10:30:43,0 km/h,689.31 km,30秒 / 1分,在线 / 停车 / ACC开,"福建省厦门市集美区灌口镇;杏前路;集美区食品餐饮行业自律协会,JAC江淮汽车,厦门沁坤供应链有限公司",闽D0TL89,正北(0),"118.003122,24.598782",2242363.0,1.除医疗用毒性药品（中药饮片）外委托鹭燕医药股份有限公司【仓库地址：厦门市集美区灌南工业区安仁大道1599号（4号仓库）三层西侧、6#（鹭燕厦门现代医药仓储中心）自动化高架物流仓库及1-4层平层仓库】储存、配送
12276,2023-09-08 10:31:13,0 km/h,689.31 km,1分 / 1分,在线 / 停车 / ACC开,"福建省厦门市集美区灌口镇;杏前路;集美区食品餐饮行业自律协会,JAC江淮汽车,厦门沁坤供应链有限公司",闽D0TL89,正北(0),"118.003122,24.598782",2242363.0,1.除医疗用毒性药品（中药饮片）外委托鹭燕医药股份有限公司【仓库地址：厦门市集美区灌南工业区安仁大道1599号（4号仓库）三层西侧、6#（鹭燕厦门现代医药仓储中心）自动化高架物流仓库及1-4层平层仓库】储存、配送
12783,2023-09-08 15:36:35,0 km/h,715.59 km,0秒 / 0秒,在线 / 停车 / ACC开,"福建省厦门市湖里区湖里街道海天路44-46号;海天路,华昌路-海天路交叉路口;呆呆师傅台式小火锅(总店),生活小镇·卤肉饭(南山小区店),广东办公家具(南山小区店)",闽D0TL89,正北(0),"118.093973,24.507117",67.0,湖里区湖里街道兴隆街道470.472.474号
12785,2023-09-08 15:37:35,0 km/h,715.6 km,0秒 / 2分,在线 / 停车 / ACC开,"福建省厦门市湖里区湖里街道海天路44-46号;海天路,华昌路-海天路交叉路口;呆呆师傅台式小火锅(总店),CC美术,生活小镇·卤肉饭(南山小区店)",闽D0TL89,正北(0),"118.093939,24.5072",67.0,湖里区湖里街道兴隆街道470.472.474号
12786,2023-09-08 15:38:05,0 km/h,715.6 km,30秒 / 2分,在线 / 停车 / ACC开,"福建省厦门市湖里区湖里街道海天路44-46号;海天路,华昌路-海天路交叉路口;呆呆师傅台式小火锅(总店),CC美术,生活小镇·卤肉饭(南山小区店)",闽D0TL89,正北(0),"118.093939,24.5072",67.0,湖里区湖里街道兴隆街道470.472.474号
12787,2023-09-08 15:38:35,0 km/h,715.6 km,1分 / 2分,在线 / 停车 / ACC开,"福建省厦门市湖里区湖里街道海天路44-46号;海天路,华昌路-海天路交叉路口;呆呆师傅台式小火锅(总店),CC美术,生活小镇·卤肉饭(南山小区店)",闽D0TL89,正北(0),"118.093939,24.5072",67.0,湖里区湖里街道兴隆街道470.472.474号
12788,2023-09-08 15:39:05,0 km/h,715.6 km,1分30秒 / 2分,在线 / 停车 / ACC开,"福建省厦门市湖里区湖里街道海天路44-46号;海天路,华昌路-海天路交叉路口;呆呆师傅台式小火锅(总店),CC美术,生活小镇·卤肉饭(南山小区店)",闽D0TL89,正北(0),"118.093939,24.5072",67.0,湖里区湖里街道兴隆街道470.472.474号
12789,2023-09-08 15:39:35,0 km/h,715.6 km,2分 / 2分,在线 / 停车 / ACC开,"福建省厦门市湖里区湖里街道海天路44-46号;海天路,华昌路-海天路交叉路口;呆呆师傅台式小火锅(总店),CC美术,生活小镇·卤肉饭(南山小区店)",闽D0TL89,正北(0),"118.093939,24.5072",67.0,湖里区湖里街道兴隆街道470.472.474号
12987,2023-09-08 16:12:54,0 km/h,728.85 km,0秒 / 15秒,在线 / 停车 / ACC开,"福建省厦门市思明区;洪莲里22号;洪莲里,聚丰新城,联丰新城",闽D0TL89,正北(0),"118.155609,24.480039",2243658.0,厦门市思明区洪莲中路42号店面
12988,2023-09-08 16:13:09,0 km/h,728.85 km,15秒 / 15秒,在线 / 停车 / ACC开,"福建省厦门市思明区;洪莲里22号;洪莲里,聚丰新城,联丰新城",闽D0TL89,正北(0),"118.155609,24.480039",2243658.0,厦门市思明区洪莲中路42号店面
13038,2023-09-08 16:22:11,0 km/h,732.05 km,0秒 / 0秒,在线 / 停车 / ACC开,"福建省厦门市湖里区金山街道金山路2845号;金钟路,金钟路-金湫路交叉路口;月亮船公寓(万达店),特房·山水杰座,桐星文化艺术中心(万达店)",闽D0TL89,正北(0),"118.168512,24.503925",263.0,厦门市湖里区后坑下湖社69号之4
15186,2023-09-11 10:23:38,0 km/h,793.39 km,0秒 / 1分30秒,在线 / 停车 / ACC开,"福建省厦门市湖里区江头街道;油画街2号;嘉景花园-一期,嘉景花园,嘉景幼儿园",闽D0TL89,正北(0),"118.122023,24.508836",12907.0,湖里区兴隆路535-5号店面
15187,2023-09-11 10:24:08,0 km/h,793.39 km,30秒 / 1分30秒,在线 / 停车 / ACC开,"福建省厦门市湖里区江头街道;油画街2号;嘉景花园-一期,嘉景花园,嘉景幼儿园",闽D0TL89,正北(0),"118.122023,24.508836",12907.0,湖里区兴隆路535-5号店面
15188,2023-09-11 10:24:38,0 km/h,793.39 km,1分 / 1分30秒,在线 / 停车 / ACC开,"福建省厦门市湖里区江头街道;油画街2号;嘉景花园-一期,嘉景花园,嘉景幼儿园",闽D0TL89,正北(0),"118.122023,24.508836",12907.0,湖里区兴隆路535-5号店面
15189,2023-09-11 10:25:08,0 km/h,793.39 km,1分30秒 / 1分30秒,在线 / 停车 / ACC开,"福建省厦门市湖里区江头街道;油画街2号;嘉景花园-一期,嘉景花园,嘉景幼儿园",闽D0TL89,正北(0),"118.122023,24.508836",12907.0,湖里区兴隆路535-5号店面
15470,2023-09-11 11:19:09,0 km/h,815.86 km,0秒 / 1分30秒,在线 / 停车 / ACC开,"福建省厦门市集美区灌口镇;集美北大道788号-之18区;江淮轻卡,厦门迅闽车辆销售服务有限公司,爱觉管家式长租公寓",闽D0TL89,正北(0),"118.003078,24.598838",2242363.0,1.除医疗用毒性药品（中药饮片）外委托鹭燕医药股份有限公司【仓库地址：厦门市集美区灌南工业区安仁大道1599号（4号仓库）三层西侧、6#（鹭燕厦门现代医药仓储中心）自动化高架物流仓库及1-4层平层仓库】储存、配送
15471,2023-09-11 11:19:39,0 km/h,815.86 km,30秒 / 1分30秒,在线 / 停车 / ACC开,"福建省厦门市集美区灌口镇;集美北大道788号-之18区;江淮轻卡,厦门迅闽车辆销售服务有限公司,爱觉管家式长租公寓",闽D0TL89,正北(0),"118.003078,24.598838",2242363.0,1.除医疗用毒性药品（中药饮片）外委托鹭燕医药股份有限公司【仓库地址：厦门市集美区灌南工业区安仁大道1599号（4号仓库）三层西侧、6#（鹭燕厦门现代医药仓储中心）自动化高架物流仓库及1-4层平层仓库】储存、配送
15472,2023-09-11 11:20:09,0 km/h,815.86 km,1分 / 1分30秒,在线 / 停车 / ACC开,"福建省厦门市集美区灌口镇;集美北大道788号-之18区;江淮轻卡,厦门迅闽车辆销售服务有限公司,爱觉管家式长租公寓",闽D0TL89,正北(0),"118.003078,24.598838",2242363.0,1.除医疗用毒性药品（中药饮片）外委托鹭燕医药股份有限公司【仓库地址：厦门市集美区灌南工业区安仁大道1599号（4号仓库）三层西侧、6#（鹭燕厦门现代医药仓储中心）自动化高架物流仓库及1-4层平层仓库】储存、配送
15473,2023-09-11 11:20:39,0 km/h,815.86 km,1分30秒 / 1分30秒,在线 / 停车 / ACC开,"福建省厦门市集美区灌口镇;集美北大道788号-之18区;江淮轻卡,厦门迅闽车辆销售服务有限公司,爱觉管家式长租公寓",闽D0TL89,正北(0),"118.003078,24.598838",2242363.0,1.除医疗用毒性药品（中药饮片）外委托鹭燕医药股份有限公司【仓库地址：厦门市集美区灌南工业区安仁大道1599号（4号仓库）三层西侧、6#（鹭燕厦门现代医药仓储中心）自动化高架物流仓库及1-4层平层仓库】储存、配送
15988,2023-09-11 15:56:15,0 km/h,844.48 km,0秒 / 0秒,在线 / 停车 / ACC开,"福建省厦门市思明区嘉莲街道;涵光巷,涵光巷-莲花南路交叉路口;北方大厦(莲花南路),香江大花园,兴业银行(厦门莲花支行)",闽D0TL89,正北(0),"118.119238,24.485141",31079.0,厦门市思明区莲岳路26号之6
15990,2023-09-11 15:56:52,0 km/h,844.48 km,0秒 / 3分59秒,在线 / 停车 / ACC开,"福建省厦门市思明区嘉莲街道;涵光巷,涵光巷-莲花南路交叉路口;北方大厦(莲花南路),香江大花园,兴业银行(厦门莲花支行)",闽D0TL89,正北(0),"118.119235,24.485145",31079.0,厦门市思明区莲岳路26号之6
15991,2023-09-11 15:57:22,0 km/h,844.48 km,30秒 / 3分59秒,在线 / 停车 / ACC开,"福建省厦门市思明区嘉莲街道;涵光巷,涵光巷-莲花南路交叉路口;北方大厦(莲花南路),香江大花园,兴业银行(厦门莲花支行)",闽D0TL89,正北(0),"118.119235,24.485145",31079.0,厦门市思明区莲岳路26号之6
15992,2023-09-11 15:57:52,0 km/h,844.48 km,1分 / 3分59秒,在线 / 停车 / ACC开,"福建省厦门市思明区嘉莲街道;涵光巷,涵光巷-莲花南路交叉路口;北方大厦(莲花南路),香江大花园,兴业银行(厦门莲花支行)",闽D0TL89,正北(0),"118.119235,24.485145",31079.0,厦门市思明区莲岳路26号之6
15993,2023-09-11 15:58:22,0 km/h,844.48 km,1分30秒 / 3分59秒,在线 / 停车 / ACC开,"福建省厦门市思明区嘉莲街道;涵光巷,涵光巷-莲花南路交叉路口;北方大厦(莲花南路),香江大花园,兴业银行(厦门莲花支行)",闽D0TL89,正北(0),"118.119235,24.485145",31079.0,厦门市思明区莲岳路26号之6
15994,2023-09-11 15:58:51,0 km/h,844.48 km,1分59秒 / 3分59秒,在线 / 停车 / ACC开,"福建省厦门市思明区嘉莲街道;涵光巷,涵光巷-莲花南路交叉路口;北方大厦(莲花南路),香江大花园,兴业银行(厦门莲花支行)",闽D0TL89,正北(0),"118.119235,24.485145",31079.0,厦门市思明区莲岳路26号之6
15995,2023-09-11 15:59:21,0 km/h,844.48 km,2分29秒 / 3分59秒,在线 / 停车 / ACC开,"福建省厦门市思明区嘉莲街道;涵光巷,涵光巷-莲花南路交叉路口;北方大厦(莲花南路),香江大花园,兴业银行(厦门莲花支行)",闽D0TL89,正北(0),"118.119235,24.485145",31079.0,厦门市思明区莲岳路26号之6
15996,2023-09-11 15:59:51,0 km/h,844.48 km,2分59秒 / 3分59秒,在线 / 停车 / ACC开,"福建省厦门市思明区嘉莲街道;涵光巷,涵光巷-莲花南路交叉路口;北方大厦(莲花南路),香江大花园,兴业银行(厦门莲花支行)",闽D0TL89,正北(0),"118.119235,24.485145",31079.0,厦门市思明区莲岳路26号之6
15997,2023-09-11 16:00:21,0 km/h,844.48 km,3分29秒 / 3分59秒,在线 / 停车 / ACC开,"福建省厦门市思明区嘉莲街道;涵光巷,涵光巷-莲花南路交叉路口;北方大厦(莲花南路),香江大花园,兴业银行(厦门莲花支行)",闽D0TL89,正北(0),"118.119235,24.485145",31079.0,厦门市思明区莲岳路26号之6
15998,2023-09-11 16:00:51,0 km/h,844.48 km,3分59秒 / 3分59秒,在线 / 停车 / ACC开,"福建省厦门市思明区嘉莲街道;涵光巷,涵光巷-莲花南路交叉路口;北方大厦(莲花南路),香江大花园,兴业银行(厦门莲花支行)",闽D0TL89,正北(0),"118.119235,24.485145",31079.0,厦门市思明区莲岳路26号之6
16020,2023-09-11 16:02:21,0 km/h,844.9 km,0秒 / 0秒,在线 / 停车 / ACC开,"福建省厦门市思明区嘉莲街道;盈翠里9号;岷宫花园大厦,厦门第二实验小学,名门盛世",闽D0TL89,正北(0),"118.121948,24.48481",748.0,思明区嘉禾路253号之102室
16022,2023-09-11 16:02:51,0 km/h,844.91 km,0秒 / 30秒,在线 / 停车 / ACC开,"福建省厦门市思明区嘉莲街道;盈翠里9号;岷宫花园大厦,厦门第二实验小学,名门盛世",闽D0TL89,正北(0),"118.122066,24.484813",748.0,思明区嘉禾路253号之102室
16023,2023-09-11 16:03:21,0 km/h,844.91 km,30秒 / 30秒,在线 / 停车 / ACC开,"福建省厦门市思明区嘉莲街道;盈翠里9号;岷宫花园大厦,厦门第二实验小学,名门盛世",闽D0TL89,正北(0),"118.122066,24.484813",748.0,思明区嘉禾路253号之102室
16074,2023-09-11 16:09:21,0 km/h,847.25 km,0秒 / 1分,在线 / 停车 / ACC开,"福建省厦门市思明区;龙山中路168号;厦门香草园酒店,莲花五村三期统建房47-M,厦门市莲龙小学(东)",闽D0TL89,正北(0),"118.135051,24.492742",180.0,*江头东路清防店面1号
16075,2023-09-11 16:09:51,0 km/h,847.25 km,30秒 / 1分,在线 / 停车 / ACC开,"福建省厦门市思明区;龙山中路168号;厦门香草园酒店,莲花五村三期统建房47-M,厦门市莲龙小学(东)",闽D0TL89,正北(0),"118.135051,24.492742",180.0,*江头东路清防店面1号
16076,2023-09-11 16:10:21,0 km/h,847.25 km,1分 / 1分,在线 / 停车 / ACC开,"福建省厦门市思明区;龙山中路168号;厦门香草园酒店,莲花五村三期统建房47-M,厦门市莲龙小学(东)",闽D0TL89,正北(0),"118.135051,24.492742",180.0,*江头东路清防店面1号
16100,2023-09-11 16:12:21,0 km/h,847.73 km,0秒 / 0秒,在线 / 停车 / ACC开,"福建省厦门市湖里区江头街道;吕岭路359号;后埔社-587号,公路征费中心站,家缘公寓",闽D0TL89,正北(0),"118.138548,24.493017",84.0,湖里区江头街道吕岭路161-102号之二
17214,2023-09-12 10:11:42,0 km/h,902.69 km,0秒 / 18分30秒,在线 / 停车 / ACC开,"福建省厦门市思明区嘉莲街道;香莲里25号;德善堂(莲花门诊部),登七楼,香秀里",闽D0TL89,正北(0),"118.128633,24.491503",1289781.0,厦门市思明区嘉禾路321号706室
17215,2023-09-12 10:12:12,0 km/h,902.69 km,30秒 / 18分30秒,在线 / 停车 / ACC开,"福建省厦门市思明区嘉莲街道;香莲里25号;德善堂(莲花门诊部),登七楼,香秀里",闽D0TL89,正北(0),"118.128633,24.491503",1289781.0,厦门市思明区嘉禾路321号706室
17216,2023-09-12 10:12:42,0 km/h,902.69 km,1分 / 18分30秒,在线 / 停车 / ACC开,"福建省厦门市思明区嘉莲街道;香莲里25号;德善堂(莲花门诊部),登七楼,香秀里",闽D0TL89,正北(0),"118.128633,24.491503",1289781.0,厦门市思明区嘉禾路321号706室
17217,2023-09-12 10:13:12,0 km/h,902.69 km,1分30秒 / 18分30秒,在线 / 停车 / ACC开,"福建省厦门市思明区嘉莲街道;香莲里25号;德善堂(莲花门诊部),登七楼,香秀里",闽D0TL89,正北(0),"118.128633,24.491503",1289781.0,厦门市思明区嘉禾路321号706室
17218,2023-09-12 10:13:42,0 km/h,902.69 km,2分 / 18分30秒,在线 / 停车 / ACC开,"福建省厦门市思明区嘉莲街道;香莲里25号;德善堂(莲花门诊部),登七楼,香秀里",闽D0TL89,正北(0),"118.128633,24.491503",1289781.0,厦门市思明区嘉禾路321号706室
17219,2023-09-12 10:14:12,0 km/h,902.69 km,2分30秒 / 18分30秒,在线 / 停车 / ACC开,"福建省厦门市思明区嘉莲街道;香莲里25号;德善堂(莲花门诊部),登七楼,香秀里",闽D0TL89,正北(0),"118.128633,24.491503",1289781.0,厦门市思明区嘉禾路321号706室
17220,2023-09-12 10:14:42,0 km/h,902.69 km,3分 / 18分30秒,在线 / 停车 / ACC开,"福建省厦门市思明区嘉莲街道;香莲里25号;德善堂(莲花门诊部),登七楼,香秀里",闽D0TL89,正北(0),"118.128633,24.491503",1289781.0,厦门市思明区嘉禾路321号706室
17221,2023-09-12 10:15:12,0 km/h,902.69 km,3分30秒 / 18分30秒,在线 / 停车 / ACC开,"福建省厦门市思明区嘉莲街道;香莲里25号;德善堂(莲花门诊部),登七楼,香秀里",闽D0TL89,正北(0),"118.128633,24.491503",1289781.0,厦门市思明区嘉禾路321号706室
17222,2023-09-12 10:15:42,0 km/h,902.69 km,4分 / 18分30秒,在线 / 停车 / ACC开,"福建省厦门市思明区嘉莲街道;香莲里25号;德善堂(莲花门诊部),登七楼,香秀里",闽D0TL89,正北(0),"118.128633,24.491503",1289781.0,厦门市思明区嘉禾路321号706室
17223,2023-09-12 10:16:12,0 km/h,902.69 km,4分30秒 / 18分30秒,在线 / 停车 / ACC开,"福建省厦门市思明区嘉莲街道;香莲里25号;德善堂(莲花门诊部),登七楼,香秀里",闽D0TL89,正北(0),"118.128633,24.491503",1289781.0,厦门市思明区嘉禾路321号706室
17229,2023-09-12 10:28:23,0 km/h,902.69 km,16分41秒 / 18分30秒,在线 / 停车 / ACC开,"福建省厦门市思明区嘉莲街道;香莲里25号;德善堂(莲花门诊部),登七楼,香秀里",闽D0TL89,正北(0),"118.128633,24.491503",1289781.0,厦门市思明区嘉禾路321号706室
17230,2023-09-12 10:28:42,0 km/h,902.69 km,17分 / 18分30秒,在线 / 停车 / ACC开,"福建省厦门市思明区嘉莲街道;香莲里25号;德善堂(莲花门诊部),登七楼,香秀里",闽D0TL89,正北(0),"118.128633,24.491503",1289781.0,厦门市思明区嘉禾路321号706室
17231,2023-09-12 10:29:12,0 km/h,902.69 km,17分30秒 / 18分30秒,在线 / 停车 / ACC开,"福建省厦门市思明区嘉莲街道;香莲里25号;德善堂(莲花门诊部),登七楼,香秀里",闽D0TL89,正北(0),"118.128633,24.491503",1289781.0,厦门市思明区嘉禾路321号706室
17232,2023-09-12 10:29:42,0 km/h,902.69 km,18分 / 18分30秒,在线 / 停车 / ACC开,"福建省厦门市思明区嘉莲街道;香莲里25号;德善堂(莲花门诊部),登七楼,香秀里",闽D0TL89,正北(0),"118.128633,24.491503",1289781.0,厦门市思明区嘉禾路321号706室
17233,2023-09-12 10:30:12,0 km/h,902.69 km,18分30秒 / 18分30秒,在线 / 停车 / ACC开,"福建省厦门市思明区嘉莲街道;香莲里25号;德善堂(莲花门诊部),登七楼,香秀里",闽D0TL89,正北(0),"118.128633,24.491503",1289781.0,厦门市思明区嘉禾路321号706室
17682,2023-09-12 14:31:12,0 km/h,933.33 km,0秒 / 30秒,在线 / 停车 / ACC开,"福建省厦门市集美区灌口镇;杏前路;安仁里小区,三社公交站,纤美美容",闽D0TL89,正北(0),"117.999216,24.603395",1081.0,集美灌口
17683,2023-09-12 14:31:42,0 km/h,933.33 km,30秒 / 30秒,在线 / 停车 / ACC开,"福建省厦门市集美区灌口镇;杏前路;安仁里小区,三社公交站,纤美美容",闽D0TL89,正北(0),"117.999216,24.603395",1081.0,集美灌口
18047,2023-09-12 15:36:44,0 km/h,955.73 km,0秒 / 30秒,在线 / 停车 / ACC开,"福建省厦门市湖里区湖里街道悦华路223之;悦华路,悦华路-马浦路交叉路口;513特色烧酒档(龙腾花园一期店),蟹小刀肉蟹煲(马垅店),猪角·闽南猪脚饭(马垅店)",闽D0TL89,正北(0),"118.111892,24.51762",34535.0,湖里区湖里街道嘉园路79号之三之2、103、201、202、203、206、207、208室，81号104、204、209室
18048,2023-09-12 15:37:14,0 km/h,955.73 km,30秒 / 30秒,在线 / 停车 / ACC开,"福建省厦门市湖里区湖里街道悦华路223之;悦华路,悦华路-马浦路交叉路口;513特色烧酒档(龙腾花园一期店),蟹小刀肉蟹煲(马垅店),猪角·闽南猪脚饭(马垅店)",闽D0TL89,正北(0),"118.111892,24.51762",34535.0,湖里区湖里街道嘉园路79号之三之2、103、201、202、203、206、207、208室，81号104、204、209室
19125,2023-09-13 08:22:30,0 km/h,1003.56 km,0秒 / 1分30秒,在线 / 停车 / ACC开,"福建省厦门市集美区灌口镇;S507(安仁大道);兴永嵩超市,联杰公寓,安仁里小区",闽D0TL89,正北(0),"117.99913,24.603583",1081.0,集美灌口
19126,2023-09-13 08:23:00,0 km/h,1003.56 km,30秒 / 1分30秒,在线 / 停车 / ACC开,"福建省厦门市集美区灌口镇;S507(安仁大道);兴永嵩超市,联杰公寓,安仁里小区",闽D0TL89,正北(0),"117.99913,24.603583",1081.0,集美灌口
19127,2023-09-13 08:23:30,0 km/h,1003.56 km,1分 / 1分30秒,在线 / 停车 / ACC开,"福建省厦门市集美区灌口镇;S507(安仁大道);兴永嵩超市,联杰公寓,安仁里小区",闽D0TL89,正北(0),"117.99913,24.603583",1081.0,集美灌口
19128,2023-09-13 08:24:00,0 km/h,1003.56 km,1分30秒 / 1分30秒,在线 / 停车 / ACC开,"福建省厦门市集美区灌口镇;S507(安仁大道);兴永嵩超市,联杰公寓,安仁里小区",闽D0TL89,正北(0),"117.99913,24.603583",1081.0,集美灌口
19361,2023-09-13 09:15:44,0 km/h,1044.57 km,0秒 / 1分,在线 / 停车 / ACC开,"福建省厦门市翔安区;洪钟大道;厦门市高级技工学校(浦尾路),洪前安置房,洪前一里",闽D0TL89,正北(0),"118.244774,24.600472",1766588.0,厦门市翔安区新店镇新兴街608号
19362,2023-09-13 09:16:14,0 km/h,1044.57 km,30秒 / 1分,在线 / 停车 / ACC开,"福建省厦门市翔安区;洪钟大道;厦门市高级技工学校(浦尾路),洪前安置房,洪前一里",闽D0TL89,正北(0),"118.244774,24.600472",1766588.0,厦门市翔安区新店镇新兴街608号
19363,2023-09-13 09:16:44,0 km/h,1044.57 km,1分 / 1分,在线 / 停车 / ACC开,"福建省厦门市翔安区;洪钟大道;厦门市高级技工学校(浦尾路),洪前安置房,洪前一里",闽D0TL89,正北(0),"118.244774,24.600472",1766588.0,厦门市翔安区新店镇新兴街608号
19881,2023-09-13 11:17:33,0 km/h,1097.49 km,0秒 / 30秒,在线 / 停车 / ACC开,"福建省厦门市翔安区内厝镇;G324(福昆线);好客来,内厝镇人民政府,新垵工业区",闽D0TL89,正北(0),"118.271569,24.66968",2225701.0,门市翔安区内厝镇赵岗村东界117号
19882,2023-09-13 11:18:03,0 km/h,1097.49 km,30秒 / 30秒,在线 / 停车 / ACC开,"福建省厦门市翔安区内厝镇;G324(福昆线);好客来,内厝镇人民政府,新垵工业区",闽D0TL89,正北(0),"118.271569,24.66968",2225701.0,门市翔安区内厝镇赵岗村东界117号
22444,2023-09-14 09:36:46,0 km/h,1286.32 km,0秒 / 0秒,在线 / 停车 / ACC开,"福建省厦门市思明区开元街道;厦禾路722-28号;厦门市思明区厦禾消防救援站,思明区应急救援中心及厦禾消防站改造项目,厦禾裕景",闽D0TL89,正北(0),"118.095372,24.467691",28670.0,厦门市思明区禾祥西路268号1A-2.2A
22452,2023-09-14 09:37:46,0 km/h,1286.47 km,0秒 / 1分,在线 / 停车 / ACC开,"福建省厦门市思明区开元街道厦禾路79号;后滨路,厦禾路-后滨路交叉路口;厦门大学附属中山医院厦禾体检部,泉州银行(厦门思明支行),厦门大学附属中山医院厦禾分部",闽D0TL89,正北(0),"118.094021,24.467701",1846597.0,厦门市思明区后江埭路46号之十七102店面
22453,2023-09-14 09:38:16,0 km/h,1286.47 km,30秒 / 1分,在线 / 停车 / ACC开,"福建省厦门市思明区开元街道厦禾路79号;后滨路,厦禾路-后滨路交叉路口;厦门大学附属中山医院厦禾体检部,泉州银行(厦门思明支行),厦门大学附属中山医院厦禾分部",闽D0TL89,正北(0),"118.094021,24.467701",1846597.0,厦门市思明区后江埭路46号之十七102店面
22454,2023-09-14 09:38:46,0 km/h,1286.47 km,1分 / 1分,在线 / 停车 / ACC开,"福建省厦门市思明区开元街道厦禾路79号;后滨路,厦禾路-后滨路交叉路口;厦门大学附属中山医院厦禾体检部,泉州银行(厦门思明支行),厦门大学附属中山医院厦禾分部",闽D0TL89,正北(0),"118.094021,24.467701",1846597.0,厦门市思明区后江埭路46号之十七102店面
22485,2023-09-14 09:41:16,0 km/h,1287.11 km,0秒 / 1分30秒,在线 / 停车 / ACC开,"福建省厦门市思明区开元街道禾祥西路119号;禾祥西路,禾祥西路-祥滨西路交叉路口;中共开元街道工作委员会,二轻宿舍楼,能仁堂",闽D0TL89,正北(0),"118.090203,24.469953",388598.0,厦门市思明区天湖路79号101室
22486,2023-09-14 09:41:46,0 km/h,1287.11 km,30秒 / 1分30秒,在线 / 停车 / ACC开,"福建省厦门市思明区开元街道禾祥西路119号;禾祥西路,禾祥西路-祥滨西路交叉路口;中共开元街道工作委员会,二轻宿舍楼,能仁堂",闽D0TL89,正北(0),"118.090203,24.469953",388598.0,厦门市思明区天湖路79号101室
22487,2023-09-14 09:42:16,0 km/h,1287.11 km,1分 / 1分30秒,在线 / 停车 / ACC开,"福建省厦门市思明区开元街道禾祥西路119号;禾祥西路,禾祥西路-祥滨西路交叉路口;中共开元街道工作委员会,二轻宿舍楼,能仁堂",闽D0TL89,正北(0),"118.090203,24.469953",388598.0,厦门市思明区天湖路79号101室
22488,2023-09-14 09:42:46,0 km/h,1287.11 km,1分30秒 / 1分30秒,在线 / 停车 / ACC开,"福建省厦门市思明区开元街道禾祥西路119号;禾祥西路,禾祥西路-祥滨西路交叉路口;中共开元街道工作委员会,二轻宿舍楼,能仁堂",闽D0TL89,正北(0),"118.090203,24.469953",388598.0,厦门市思明区天湖路79号101室
22628,2023-09-14 10:15:55,0 km/h,1290.51 km,0秒 / 0秒,在线 / 停车 / ACC开,"福建省厦门市思明区鹭江街道禾祥西路1号11-12;禾祥西路,禾祥西二路-禾祥西路交叉路口;21GRAM COFFEE(禾祥店),中国农业银行(厦门联邦支行),KOI(厦门白鹭苑店)",闽D0TL89,正北(0),"118.074771,24.465806",2246646.0,福建省厦门市思明区厦门市思明区鹭江道99号真浩阁25E
23165,2023-09-14 15:39:26,0 km/h,1340.13 km,0秒 / 5分42秒,在线 / 停车 / ACC开,"福建省厦门市思明区;莲花北路160号;香秀里,德善堂(莲花门诊部),登七楼",闽D0TL89,正北(0),"118.128605,24.491553",1289781.0,厦门市思明区嘉禾路321号706室
23166,2023-09-14 15:39:56,0 km/h,1340.13 km,30秒 / 5分42秒,在线 / 停车 / ACC开,"福建省厦门市思明区;莲花北路160号;香秀里,德善堂(莲花门诊部),登七楼",闽D0TL89,正北(0),"118.128605,24.491553",1289781.0,厦门市思明区嘉禾路321号706室
23167,2023-09-14 15:40:26,0 km/h,1340.13 km,1分 / 5分42秒,在线 / 停车 / ACC开,"福建省厦门市思明区;莲花北路160号;香秀里,德善堂(莲花门诊部),登七楼",闽D0TL89,正北(0),"118.128605,24.491553",1289781.0,厦门市思明区嘉禾路321号706室
23168,2023-09-14 15:40:56,0 km/h,1340.13 km,1分30秒 / 5分42秒,在线 / 停车 / ACC开,"福建省厦门市思明区;莲花北路160号;香秀里,德善堂(莲花门诊部),登七楼",闽D0TL89,正北(0),"118.128605,24.491553",1289781.0,厦门市思明区嘉禾路321号706室
23169,2023-09-14 15:41:26,0 km/h,1340.13 km,2分 / 5分42秒,在线 / 停车 / ACC开,"福建省厦门市思明区;莲花北路160号;香秀里,德善堂(莲花门诊部),登七楼",闽D0TL89,正北(0),"118.128605,24.491553",1289781.0,厦门市思明区嘉禾路321号706室
23170,2023-09-14 15:41:56,0 km/h,1340.13 km,2分30秒 / 5分42秒,在线 / 停车 / ACC开,"福建省厦门市思明区;莲花北路160号;香秀里,德善堂(莲花门诊部),登七楼",闽D0TL89,正北(0),"118.128605,24.491553",1289781.0,厦门市思明区嘉禾路321号706室
23171,2023-09-14 15:42:25,0 km/h,1340.13 km,2分59秒 / 5分42秒,在线 / 停车 / ACC开,"福建省厦门市思明区;莲花北路160号;香秀里,德善堂(莲花门诊部),登七楼",闽D0TL89,正北(0),"118.128605,24.491553",1289781.0,厦门市思明区嘉禾路321号706室
23172,2023-09-14 15:42:55,0 km/h,1340.13 km,3分29秒 / 5分42秒,在线 / 停车 / ACC开,"福建省厦门市思明区;莲花北路160号;香秀里,德善堂(莲花门诊部),登七楼",闽D0TL89,正北(0),"118.128605,24.491553",1289781.0,厦门市思明区嘉禾路321号706室
23173,2023-09-14 15:43:25,0 km/h,1340.13 km,3分59秒 / 5分42秒,在线 / 停车 / ACC开,"福建省厦门市思明区;莲花北路160号;香秀里,德善堂(莲花门诊部),登七楼",闽D0TL89,正北(0),"118.128605,24.491553",1289781.0,厦门市思明区嘉禾路321号706室
23174,2023-09-14 15:43:55,0 km/h,1340.13 km,4分29秒 / 5分42秒,在线 / 停车 / ACC开,"福建省厦门市思明区;莲花北路160号;香秀里,德善堂(莲花门诊部),登七楼",闽D0TL89,正北(0),"118.128605,24.491553",1289781.0,厦门市思明区嘉禾路321号706室
23344,2023-09-14 16:18:12,0 km/h,1347.11 km,0秒 / 0秒,在线 / 停车 / ACC开,福建省厦门市湖里区;仙岳路;仙岳路上跨金尚路立交桥,闽D0TL89,正北(0),"118.143645,24.500778",1754561.0,湖里区江头街道祥店里182号201、202
24282,2023-09-15 09:40:28,0 km/h,1402.36 km,0秒 / 1分30秒,在线 / 停车 / ACC开,"福建省厦门市湖里区嘉莲街道;嘉禾路;福隆美食街,福隆海鲜大排档,翠叶岚茶业",闽D0TL89,正北(0),"118.128539,24.491439",1289781.0,厦门市思明区嘉禾路321号706室
24283,2023-09-15 09:40:58,0 km/h,1402.36 km,30秒 / 1分30秒,在线 / 停车 / ACC开,"福建省厦门市湖里区嘉莲街道;嘉禾路;福隆美食街,福隆海鲜大排档,翠叶岚茶业",闽D0TL89,正北(0),"118.128539,24.491439",1289781.0,厦门市思明区嘉禾路321号706室
24284,2023-09-15 09:41:28,0 km/h,1402.36 km,1分 / 1分30秒,在线 / 停车 / ACC开,"福建省厦门市湖里区嘉莲街道;嘉禾路;福隆美食街,福隆海鲜大排档,翠叶岚茶业",闽D0TL89,正北(0),"118.128539,24.491439",1289781.0,厦门市思明区嘉禾路321号706室
24285,2023-09-15 09:41:58,0 km/h,1402.36 km,1分30秒 / 1分30秒,在线 / 停车 / ACC开,"福建省厦门市湖里区嘉莲街道;嘉禾路;福隆美食街,福隆海鲜大排档,翠叶岚茶业",闽D0TL89,正北(0),"118.128539,24.491439",1289781.0,厦门市思明区嘉禾路321号706室
24539,2023-09-15 10:22:12,0 km/h,1409.75 km,0秒 / 1分,在线 / 停车 / ACC开,"福建省厦门市湖里区金山街道;金尚路528号;金尚公园,华林金盛花园,贝乐幼儿园",闽D0TL89,正北(0),"118.143576,24.500659",1754561.0,湖里区江头街道祥店里182号201、202
24540,2023-09-15 10:22:42,0 km/h,1409.75 km,30秒 / 1分,在线 / 停车 / ACC开,"福建省厦门市湖里区金山街道;金尚路528号;金尚公园,华林金盛花园,贝乐幼儿园",闽D0TL89,正北(0),"118.143576,24.500659",1754561.0,湖里区江头街道祥店里182号201、202
24541,2023-09-15 10:23:12,0 km/h,1409.75 km,1分 / 1分,在线 / 停车 / ACC开,"福建省厦门市湖里区金山街道;金尚路528号;金尚公园,华林金盛花园,贝乐幼儿园",闽D0TL89,正北(0),"118.143576,24.500659",1754561.0,湖里区江头街道祥店里182号201、202
27291,2023-09-18 09:33:34,0 km/h,1534.57 km,0秒 / 2分,在线 / 停车 / ACC开,"福建省厦门市翔安区马巷街道;Y416辅路;厦门市翔安区内垵小学,厦门国家火炬高新区,火炬高新大厦",闽D0TL89,正北(0),"118.224097,24.660921",14219.0,厦门火炬高新区（翔安）产业区翔安北路3689号（厂房A）201-4；301-1
27292,2023-09-18 09:34:04,0 km/h,1534.57 km,30秒 / 2分,在线 / 停车 / ACC开,"福建省厦门市翔安区马巷街道;Y416辅路;厦门市翔安区内垵小学,厦门国家火炬高新区,火炬高新大厦",闽D0TL89,正北(0),"118.224097,24.660921",14219.0,厦门火炬高新区（翔安）产业区翔安北路3689号（厂房A）201-4；301-1
27293,2023-09-18 09:34:34,0 km/h,1534.57 km,1分 / 2分,在线 / 停车 / ACC开,"福建省厦门市翔安区马巷街道;Y416辅路;厦门市翔安区内垵小学,厦门国家火炬高新区,火炬高新大厦",闽D0TL89,正北(0),"118.224097,24.660921",14219.0,厦门火炬高新区（翔安）产业区翔安北路3689号（厂房A）201-4；301-1
27294,2023-09-18 09:35:04,0 km/h,1534.57 km,1分30秒 / 2分,在线 / 停车 / ACC开,"福建省厦门市翔安区马巷街道;Y416辅路;厦门市翔安区内垵小学,厦门国家火炬高新区,火炬高新大厦",闽D0TL89,正北(0),"118.224097,24.660921",14219.0,厦门火炬高新区（翔安）产业区翔安北路3689号（厂房A）201-4；301-1
27295,2023-09-18 09:35:34,0 km/h,1534.57 km,2分 / 2分,在线 / 停车 / ACC开,"福建省厦门市翔安区马巷街道;Y416辅路;厦门市翔安区内垵小学,厦门国家火炬高新区,火炬高新大厦",闽D0TL89,正北(0),"118.224097,24.660921",14219.0,厦门火炬高新区（翔安）产业区翔安北路3689号（厂房A）201-4；301-1
27968,2023-09-18 15:03:04,0 km/h,1586.96 km,0秒 / 0秒,在线 / 停车 / ACC开,"福建省厦门市集美区灌口镇;杏前路;安仁里小区,三社公交站,纤美美容",闽D0TL89,正北(0),"117.999255,24.603473",1081.0,集美灌口
28198,2023-09-18 15:49:05,0 km/h,1613.08 km,0秒 / 0秒,在线 / 停车 / ACC开,"福建省厦门市思明区筼筜街道;湖滨中路145号;白鹭洲公园,白鹭洲公园东公园,白鹭洲摄影广场",闽D0TL89,正北(0),"118.092163,24.479776",2237274.0,福建省厦门市思明区湖滨北路98号财经大厦
28298,2023-09-18 16:19:06,0 km/h,1614.7 km,0秒 / 30秒,在线 / 停车 / ACC开,"福建省厦门市思明区开元街道;湖滨中路37号;金悦酒店,快乐家园,古龙综合楼",闽D0TL89,正北(0),"118.097583,24.471837",2207858.0,4号楼3楼
28299,2023-09-18 16:19:36,0 km/h,1614.7 km,30秒 / 30秒,在线 / 停车 / ACC开,"福建省厦门市思明区开元街道;湖滨中路37号;金悦酒店,快乐家园,古龙综合楼",闽D0TL89,正北(0),"118.097583,24.471837",2207858.0,4号楼3楼
28357,2023-09-18 16:32:12,0 km/h,1616.56 km,0秒 / 0秒,在线 / 停车 / ACC开,"福建省厦门市思明区开元街道;厦禾路722-28号;厦门市思明区厦禾消防救援站,思明区应急救援中心及厦禾消防站改造项目,厦禾裕景",闽D0TL89,正北(0),"118.095324,24.467749",28670.0,厦门市思明区禾祥西路268号1A-2.2A
28410,2023-09-18 16:40:41,0 km/h,1617.55 km,0秒 / 1分30秒,在线 / 停车 / ACC开,"福建省厦门市思明区开元街道;禾祥西路505之4;九安大楼,金丰花园,新嘉园",闽D0TL89,正北(0),"118.0904,24.470215",1777217.0,厦门市思明区白鹭洲路501号302室
28411,2023-09-18 16:41:11,0 km/h,1617.55 km,30秒 / 1分30秒,在线 / 停车 / ACC开,"福建省厦门市思明区开元街道;禾祥西路505之4;九安大楼,金丰花园,新嘉园",闽D0TL89,正北(0),"118.0904,24.470215",1777217.0,厦门市思明区白鹭洲路501号302室
28412,2023-09-18 16:41:41,0 km/h,1617.55 km,1分 / 1分30秒,在线 / 停车 / ACC开,"福建省厦门市思明区开元街道;禾祥西路505之4;九安大楼,金丰花园,新嘉园",闽D0TL89,正北(0),"118.0904,24.470215",1777217.0,厦门市思明区白鹭洲路501号302室
28413,2023-09-18 16:42:11,0 km/h,1617.55 km,1分30秒 / 1分30秒,在线 / 停车 / ACC开,"福建省厦门市思明区开元街道;禾祥西路505之4;九安大楼,金丰花园,新嘉园",闽D0TL89,正北(0),"118.0904,24.470215",1777217.0,厦门市思明区白鹭洲路501号302室
28489,2023-09-18 16:55:12,0 km/h,1619.82 km,0秒 / 1分30秒,在线 / 停车 / ACC开,"福建省厦门市思明区开元街道;斗西路4号;厦门市口腔医院,星星月季花园,厦门艺术剧院",闽D0TL89,正北(0),"118.083695,24.46274",2154236.0,厦门市思明区故宫路102号思明区妇幼保健院分院
28490,2023-09-18 16:55:42,0 km/h,1619.82 km,30秒 / 1分30秒,在线 / 停车 / ACC开,"福建省厦门市思明区开元街道;斗西路4号;厦门市口腔医院,星星月季花园,厦门艺术剧院",闽D0TL89,正北(0),"118.083695,24.46274",2154236.0,厦门市思明区故宫路102号思明区妇幼保健院分院
28491,2023-09-18 16:56:12,0 km/h,1619.82 km,1分 / 1分30秒,在线 / 停车 / ACC开,"福建省厦门市思明区开元街道;斗西路4号;厦门市口腔医院,星星月季花园,厦门艺术剧院",闽D0TL89,正北(0),"118.083695,24.46274",2154236.0,厦门市思明区故宫路102号思明区妇幼保健院分院
28492,2023-09-18 16:56:42,0 km/h,1619.82 km,1分30秒 / 1分30秒,在线 / 停车 / ACC开,"福建省厦门市思明区开元街道;斗西路4号;厦门市口腔医院,星星月季花园,厦门艺术剧院",闽D0TL89,正北(0),"118.083695,24.46274",2154236.0,厦门市思明区故宫路102号思明区妇幼保健院分院
28580,2023-09-18 17:07:42,0 km/h,1621.78 km,0秒 / 2分,在线 / 停车 / ACC开,"福建省厦门市思明区鹭江街道湖滨西路8号-111;湖滨西路,禾祥西二路-湖滨西路交叉路口;金家韩国料理(思北店),闽南猪脚饭思北店,协成大厦",闽D0TL89,正北(0),"118.074076,24.465147",49937.0,东侨逸涛商城7号楼E6店
28581,2023-09-18 17:08:12,0 km/h,1621.78 km,30秒 / 2分,在线 / 停车 / ACC开,"福建省厦门市思明区鹭江街道湖滨西路8号-111;湖滨西路,禾祥西二路-湖滨西路交叉路口;金家韩国料理(思北店),闽南猪脚饭思北店,协成大厦",闽D0TL89,正北(0),"118.074076,24.465147",49937.0,东侨逸涛商城7号楼E6店
28582,2023-09-18 17:08:42,0 km/h,1621.78 km,1分 / 2分,在线 / 停车 / ACC开,"福建省厦门市思明区鹭江街道湖滨西路8号-111;湖滨西路,禾祥西二路-湖滨西路交叉路口;金家韩国料理(思北店),闽南猪脚饭思北店,协成大厦",闽D0TL89,正北(0),"118.074076,24.465147",49937.0,东侨逸涛商城7号楼E6店
28583,2023-09-18 17:09:12,0 km/h,1621.78 km,1分30秒 / 2分,在线 / 停车 / ACC开,"福建省厦门市思明区鹭江街道湖滨西路8号-111;湖滨西路,禾祥西二路-湖滨西路交叉路口;金家韩国料理(思北店),闽南猪脚饭思北店,协成大厦",闽D0TL89,正北(0),"118.074076,24.465147",49937.0,东侨逸涛商城7号楼E6店
28584,2023-09-18 17:09:42,0 km/h,1621.78 km,2分 / 2分,在线 / 停车 / ACC开,"福建省厦门市思明区鹭江街道湖滨西路8号-111;湖滨西路,禾祥西二路-湖滨西路交叉路口;金家韩国料理(思北店),闽南猪脚饭思北店,协成大厦",闽D0TL89,正北(0),"118.074076,24.465147",49937.0,东侨逸涛商城7号楼E6店
29030,2023-09-19 08:12:39,0 km/h,1645.2 km,0秒 / 0秒,在线 / 停车 / ACC开,"福建省厦门市集美区灌口镇;杏前路;安仁里小区,三社公交站,纤美美容",闽D0TL89,正北(0),"117.999249,24.603466",1081.0,集美灌口
29032,2023-09-19 08:13:40,0 km/h,1645.23 km,0秒 / 29秒,在线 / 停车 / ACC开,"福建省厦门市集美区灌口镇;G319(安仁大道);兴永嵩超市,联杰公寓,安仁里小区",闽D0TL89,正北(0),"117.999042,24.603698",1081.0,集美灌口
29033,2023-09-19 08:14:09,0 km/h,1645.23 km,29秒 / 29秒,在线 / 停车 / ACC开,"福建省厦门市集美区灌口镇;G319(安仁大道);兴永嵩超市,联杰公寓,安仁里小区",闽D0TL89,正北(0),"117.999042,24.603698",1081.0,集美灌口
29442,2023-09-19 10:06:11,0 km/h,1672.11 km,0秒 / 0秒,在线 / 停车 / ACC开,"福建省厦门市思明区嘉莲街道莲花北路45号;莲花北路,莲花北路-蓉芳路交叉路口;真馍坊西安小吃(莲花路店),特香包(二村店),紫燕百味鸡(莲花店)",闽D0TL89,正北(0),"118.127506,24.490292",366.0,思明区湖滨北路259号501室
29446,2023-09-19 10:07:12,0 km/h,1672.28 km,0秒 / 1分,在线 / 停车 / ACC开,"福建省厦门市思明区嘉莲街道;香莲里25号;德善堂(莲花门诊部),登七楼,香秀里",闽D0TL89,正北(0),"118.128614,24.49149",1289781.0,厦门市思明区嘉禾路321号706室
29447,2023-09-19 10:07:41,0 km/h,1672.28 km,29秒 / 1分,在线 / 停车 / ACC开,"福建省厦门市思明区嘉莲街道;香莲里25号;德善堂(莲花门诊部),登七楼,香秀里",闽D0TL89,正北(0),"118.128614,24.49149",1289781.0,厦门市思明区嘉禾路321号706室
29448,2023-09-19 10:08:12,0 km/h,1672.28 km,1分 / 1分,在线 / 停车 / ACC开,"福建省厦门市思明区嘉莲街道;香莲里25号;德善堂(莲花门诊部),登七楼,香秀里",闽D0TL89,正北(0),"118.128614,24.49149",1289781.0,厦门市思明区嘉禾路321号706室
29611,2023-09-19 10:46:13,0 km/h,1694.61 km,0秒 / 1分30秒,在线 / 停车 / ACC开,"福建省厦门市集美区灌口镇;集美北大道788号-之18区;江淮轻卡,厦门迅闽车辆销售服务有限公司,爱觉管家式长租公寓",闽D0TL89,正北(0),"118.003066,24.598848",2242363.0,1.除医疗用毒性药品（中药饮片）外委托鹭燕医药股份有限公司【仓库地址：厦门市集美区灌南工业区安仁大道1599号（4号仓库）三层西侧、6#（鹭燕厦门现代医药仓储中心）自动化高架物流仓库及1-4层平层仓库】储存、配送
29612,2023-09-19 10:46:43,0 km/h,1694.61 km,30秒 / 1分30秒,在线 / 停车 / ACC开,"福建省厦门市集美区灌口镇;集美北大道788号-之18区;江淮轻卡,厦门迅闽车辆销售服务有限公司,爱觉管家式长租公寓",闽D0TL89,正北(0),"118.003066,24.598848",2242363.0,1.除医疗用毒性药品（中药饮片）外委托鹭燕医药股份有限公司【仓库地址：厦门市集美区灌南工业区安仁大道1599号（4号仓库）三层西侧、6#（鹭燕厦门现代医药仓储中心）自动化高架物流仓库及1-4层平层仓库】储存、配送
29613,2023-09-19 10:47:13,0 km/h,1694.61 km,1分 / 1分30秒,在线 / 停车 / ACC开,"福建省厦门市集美区灌口镇;集美北大道788号-之18区;江淮轻卡,厦门迅闽车辆销售服务有限公司,爱觉管家式长租公寓",闽D0TL89,正北(0),"118.003066,24.598848",2242363.0,1.除医疗用毒性药品（中药饮片）外委托鹭燕医药股份有限公司【仓库地址：厦门市集美区灌南工业区安仁大道1599号（4号仓库）三层西侧、6#（鹭燕厦门现代医药仓储中心）自动化高架物流仓库及1-4层平层仓库】储存、配送
29614,2023-09-19 10:47:43,0 km/h,1694.61 km,1分30秒 / 1分30秒,在线 / 停车 / ACC开,"福建省厦门市集美区灌口镇;集美北大道788号-之18区;江淮轻卡,厦门迅闽车辆销售服务有限公司,爱觉管家式长租公寓",闽D0TL89,正北(0),"118.003066,24.598848",2242363.0,1.除医疗用毒性药品（中药饮片）外委托鹭燕医药股份有限公司【仓库地址：厦门市集美区灌南工业区安仁大道1599号（4号仓库）三层西侧、6#（鹭燕厦门现代医药仓储中心）自动化高架物流仓库及1-4层平层仓库】储存、配送
30024,2023-09-19 15:44:19,0 km/h,1721.93 km,0秒 / 0秒,在线 / 停车 / ACC开,"福建省厦门市湖里区禾山街道;枋湖北二路;建发·养云,晶珑幼儿园,丹丘雅阁",闽D0TL89,正北(0),"118.136704,24.520738",201.0,湖里区枋湖术安兜社7号1层
30387,2023-09-19 16:54:54,0 km/h,1731.1 km,0秒 / 1分,在线 / 停车 / ACC开,"福建省厦门市湖里区江头街道环祥路66号;祥店路,祥店路-古居民街交叉路口;福鼎一中桥吴记煎包(祥店路店),叁顿水煮鸭胫(祥店新村2区店),老永安粿条(祥店店)",闽D0TL89,正北(0),"118.141039,24.504156",2238807.0,厦门市湖里区祥岭路82号
30388,2023-09-19 16:55:24,0 km/h,1731.1 km,30秒 / 1分,在线 / 停车 / ACC开,"福建省厦门市湖里区江头街道环祥路66号;祥店路,祥店路-古居民街交叉路口;福鼎一中桥吴记煎包(祥店路店),叁顿水煮鸭胫(祥店新村2区店),老永安粿条(祥店店)",闽D0TL89,正北(0),"118.141039,24.504156",2238807.0,厦门市湖里区祥岭路82号
30389,2023-09-19 16:55:54,0 km/h,1731.1 km,1分 / 1分,在线 / 停车 / ACC开,"福建省厦门市湖里区江头街道环祥路66号;祥店路,祥店路-古居民街交叉路口;福鼎一中桥吴记煎包(祥店路店),叁顿水煮鸭胫(祥店新村2区店),老永安粿条(祥店店)",闽D0TL89,正北(0),"118.141039,24.504156",2238807.0,厦门市湖里区祥岭路82号
30491,2023-09-19 17:09:54,0 km/h,1732.4 km,0秒 / 2分,在线 / 停车 / ACC开,"福建省厦门市湖里区江头街道;祥岭路76号;薛岭新村,厦门市湖里第二实验小学,贝斯幼儿会所",闽D0TL89,正北(0),"118.136087,24.506723",936173.0,厦门市湖里区园山南路902-906号坐标文创园九楼
30492,2023-09-19 17:10:24,0 km/h,1732.4 km,30秒 / 2分,在线 / 停车 / ACC开,"福建省厦门市湖里区江头街道;祥岭路76号;薛岭新村,厦门市湖里第二实验小学,贝斯幼儿会所",闽D0TL89,正北(0),"118.136087,24.506723",936173.0,厦门市湖里区园山南路902-906号坐标文创园九楼
30493,2023-09-19 17:10:54,0 km/h,1732.4 km,1分 / 2分,在线 / 停车 / ACC开,"福建省厦门市湖里区江头街道;祥岭路76号;薛岭新村,厦门市湖里第二实验小学,贝斯幼儿会所",闽D0TL89,正北(0),"118.136087,24.506723",936173.0,厦门市湖里区园山南路902-906号坐标文创园九楼
30494,2023-09-19 17:11:24,0 km/h,1732.4 km,1分30秒 / 2分,在线 / 停车 / ACC开,"福建省厦门市湖里区江头街道;祥岭路76号;薛岭新村,厦门市湖里第二实验小学,贝斯幼儿会所",闽D0TL89,正北(0),"118.136087,24.506723",936173.0,厦门市湖里区园山南路902-906号坐标文创园九楼
30495,2023-09-19 17:11:54,0 km/h,1732.4 km,2分 / 2分,在线 / 停车 / ACC开,"福建省厦门市湖里区江头街道;祥岭路76号;薛岭新村,厦门市湖里第二实验小学,贝斯幼儿会所",闽D0TL89,正北(0),"118.136087,24.506723",936173.0,厦门市湖里区园山南路902-906号坐标文创园九楼
31624,2023-09-20 09:14:03,0 km/h,1794.01 km,0秒 / 1分31秒,在线 / 停车 / ACC开,"福建省厦门市思明区鹭江街道斗西路162号;斗西路,禾祥西路-斗西路交叉路口;502花生汤番鸭面线(斗西路),牛一潮汕牛肉店(斗西路店),树知春一站式教育综合体",闽D0TL89,正北(0),"118.081094,24.466325",1907.0,"福建厦门湖滨南路
"
31625,2023-09-20 09:14:33,0 km/h,1794.01 km,30秒 / 1分31秒,在线 / 停车 / ACC开,"福建省厦门市思明区鹭江街道斗西路162号;斗西路,禾祥西路-斗西路交叉路口;502花生汤番鸭面线(斗西路),牛一潮汕牛肉店(斗西路店),树知春一站式教育综合体",闽D0TL89,正北(0),"118.081094,24.466325",1907.0,"福建厦门湖滨南路
"
31626,2023-09-20 09:15:03,0 km/h,1794.01 km,1分 / 1分31秒,在线 / 停车 / ACC开,"福建省厦门市思明区鹭江街道斗西路162号;斗西路,禾祥西路-斗西路交叉路口;502花生汤番鸭面线(斗西路),牛一潮汕牛肉店(斗西路店),树知春一站式教育综合体",闽D0TL89,正北(0),"118.081094,24.466325",1907.0,"福建厦门湖滨南路
"
31627,2023-09-20 09:15:34,0 km/h,1794.01 km,1分31秒 / 1分31秒,在线 / 停车 / ACC开,"福建省厦门市思明区鹭江街道斗西路162号;斗西路,禾祥西路-斗西路交叉路口;502花生汤番鸭面线(斗西路),牛一潮汕牛肉店(斗西路店),树知春一站式教育综合体",闽D0TL89,正北(0),"118.081094,24.466325",1907.0,"福建厦门湖滨南路
"
31867,2023-09-20 10:32:13,0 km/h,1797.99 km,0秒 / 0秒,在线 / 停车 / ACC开,"福建省厦门市思明区鹭江街道角滨路1号101;厦禾路,小学路-角滨路交叉路口;羊振富煮羊肉·火锅烧烤(思北店),临家闽南菜(思北店),Otto2艺术美学(思北店)",闽D0TL89,正北(0),"118.076838,24.463027",2203048.0,厦门市思明区禾祥西二路85号，87号之二，67号之三
31971,2023-09-20 10:45:13,0 km/h,1802.07 km,0秒 / 0秒,在线 / 停车 / ACC开,"福建省厦门市思明区开元街道厦禾路79号;后滨路,厦禾路-后滨路交叉路口;厦门大学附属中山医院厦禾体检部,泉州银行(厦门思明支行),厦门大学附属中山医院厦禾分部",闽D0TL89,正北(0),"118.093983,24.46772",58090.0,思明区后江埭路46号之107室
31973,2023-09-20 10:45:43,0 km/h,1802.09 km,0秒 / 2分30秒,在线 / 停车 / ACC开,"福建省厦门市思明区;后滨路1号;厦门大学附属中山医院(厦禾分部),青年阳光S酒店(中山路店),夏商·怡翔酒店(华都店)",闽D0TL89,正北(0),"118.093829,24.467714",58090.0,思明区后江埭路46号之107室
31974,2023-09-20 10:46:13,0 km/h,1802.09 km,30秒 / 2分30秒,在线 / 停车 / ACC开,"福建省厦门市思明区;后滨路1号;厦门大学附属中山医院(厦禾分部),青年阳光S酒店(中山路店),夏商·怡翔酒店(华都店)",闽D0TL89,正北(0),"118.093829,24.467714",58090.0,思明区后江埭路46号之107室
31975,2023-09-20 10:46:43,0 km/h,1802.09 km,1分 / 2分30秒,在线 / 停车 / ACC开,"福建省厦门市思明区;后滨路1号;厦门大学附属中山医院(厦禾分部),青年阳光S酒店(中山路店),夏商·怡翔酒店(华都店)",闽D0TL89,正北(0),"118.093829,24.467714",58090.0,思明区后江埭路46号之107室
31976,2023-09-20 10:47:13,0 km/h,1802.09 km,1分30秒 / 2分30秒,在线 / 停车 / ACC开,"福建省厦门市思明区;后滨路1号;厦门大学附属中山医院(厦禾分部),青年阳光S酒店(中山路店),夏商·怡翔酒店(华都店)",闽D0TL89,正北(0),"118.093829,24.467714",58090.0,思明区后江埭路46号之107室
31977,2023-09-20 10:47:43,0 km/h,1802.09 km,2分 / 2分30秒,在线 / 停车 / ACC开,"福建省厦门市思明区;后滨路1号;厦门大学附属中山医院(厦禾分部),青年阳光S酒店(中山路店),夏商·怡翔酒店(华都店)",闽D0TL89,正北(0),"118.093829,24.467714",58090.0,思明区后江埭路46号之107室
31978,2023-09-20 10:48:13,0 km/h,1802.09 km,2分30秒 / 2分30秒,在线 / 停车 / ACC开,"福建省厦门市思明区;后滨路1号;厦门大学附属中山医院(厦禾分部),青年阳光S酒店(中山路店),夏商·怡翔酒店(华都店)",闽D0TL89,正北(0),"118.093829,24.467714",58090.0,思明区后江埭路46号之107室
31980,2023-09-20 10:49:13,0 km/h,1802.1 km,0秒 / 0秒,在线 / 停车 / ACC开,"福建省厦门市思明区;后滨路1号;厦门大学附属中山医院(厦禾分部),青年阳光S酒店(中山路店),夏商·怡翔酒店(华都店)",闽D0TL89,正北(0),"118.093907,24.467775",58090.0,思明区后江埭路46号之107室
31987,2023-09-20 10:50:43,0 km/h,1802.39 km,0秒 / 0秒,在线 / 停车 / ACC开,"福建省厦门市思明区开元街道;后滨路49号;五州大厦,白鹭花园,心和美术园",闽D0TL89,正北(0),"118.093216,24.470299",2226347.0,厦门市思明区白鹭洲197-199号25H室
33003,2023-09-20 16:28:42,0 km/h,1864.11 km,0秒 / 5分,在线 / 停车 / ACC开,"福建省厦门市湖里区嘉莲街道;嘉禾路;福隆美食街,福隆海鲜大排档,翠叶岚茶业",闽D0TL89,正北(0),"118.128587,24.491512",1289781.0,厦门市思明区嘉禾路321号706室
33004,2023-09-20 16:29:12,0 km/h,1864.11 km,30秒 / 5分,在线 / 停车 / ACC开,"福建省厦门市湖里区嘉莲街道;嘉禾路;福隆美食街,福隆海鲜大排档,翠叶岚茶业",闽D0TL89,正北(0),"118.128587,24.491512",1289781.0,厦门市思明区嘉禾路321号706室
33005,2023-09-20 16:29:42,0 km/h,1864.11 km,1分 / 5分,在线 / 停车 / ACC开,"福建省厦门市湖里区嘉莲街道;嘉禾路;福隆美食街,福隆海鲜大排档,翠叶岚茶业",闽D0TL89,正北(0),"118.128587,24.491512",1289781.0,厦门市思明区嘉禾路321号706室
33006,2023-09-20 16:30:12,0 km/h,1864.11 km,1分30秒 / 5分,在线 / 停车 / ACC开,"福建省厦门市湖里区嘉莲街道;嘉禾路;福隆美食街,福隆海鲜大排档,翠叶岚茶业",闽D0TL89,正北(0),"118.128587,24.491512",1289781.0,厦门市思明区嘉禾路321号706室
33007,2023-09-20 16:30:42,0 km/h,1864.11 km,2分 / 5分,在线 / 停车 / ACC开,"福建省厦门市湖里区嘉莲街道;嘉禾路;福隆美食街,福隆海鲜大排档,翠叶岚茶业",闽D0TL89,正北(0),"118.128587,24.491512",1289781.0,厦门市思明区嘉禾路321号706室
33008,2023-09-20 16:31:12,0 km/h,1864.11 km,2分30秒 / 5分,在线 / 停车 / ACC开,"福建省厦门市湖里区嘉莲街道;嘉禾路;福隆美食街,福隆海鲜大排档,翠叶岚茶业",闽D0TL89,正北(0),"118.128587,24.491512",1289781.0,厦门市思明区嘉禾路321号706室
33009,2023-09-20 16:31:42,0 km/h,1864.11 km,3分 / 5分,在线 / 停车 / ACC开,"福建省厦门市湖里区嘉莲街道;嘉禾路;福隆美食街,福隆海鲜大排档,翠叶岚茶业",闽D0TL89,正北(0),"118.128587,24.491512",1289781.0,厦门市思明区嘉禾路321号706室
33010,2023-09-20 16:32:12,0 km/h,1864.11 km,3分30秒 / 5分,在线 / 停车 / ACC开,"福建省厦门市湖里区嘉莲街道;嘉禾路;福隆美食街,福隆海鲜大排档,翠叶岚茶业",闽D0TL89,正北(0),"118.128587,24.491512",1289781.0,厦门市思明区嘉禾路321号706室
33011,2023-09-20 16:32:42,0 km/h,1864.11 km,4分 / 5分,在线 / 停车 / ACC开,"福建省厦门市湖里区嘉莲街道;嘉禾路;福隆美食街,福隆海鲜大排档,翠叶岚茶业",闽D0TL89,正北(0),"118.128587,24.491512",1289781.0,厦门市思明区嘉禾路321号706室
33012,2023-09-20 16:33:12,0 km/h,1864.11 km,4分30秒 / 5分,在线 / 停车 / ACC开,"福建省厦门市湖里区嘉莲街道;嘉禾路;福隆美食街,福隆海鲜大排档,翠叶岚茶业",闽D0TL89,正北(0),"118.128587,24.491512",1289781.0,厦门市思明区嘉禾路321号706室
33013,2023-09-20 16:33:42,0 km/h,1864.11 km,5分 / 5分,在线 / 停车 / ACC开,"福建省厦门市湖里区嘉莲街道;嘉禾路;福隆美食街,福隆海鲜大排档,翠叶岚茶业",闽D0TL89,正北(0),"118.128587,24.491512",1289781.0,厦门市思明区嘉禾路321号706室
33922,2023-09-21 08:43:57,0 km/h,1919.21 km,0秒 / 0秒,在线 / 停车 / ACC开,"福建省厦门市思明区筼筜街道;海沧大桥;中国海监第六支队职工住宅,厦门市滨北小学,金帝花园",闽D0TL89,正北(0),"118.087676,24.492407",20738.0,厦门市湖里区仙岳路41-51号3号楼2层
34090,2023-09-21 09:11:28,0 km/h,1925.54 km,0秒 / 13分20秒,在线 / 停车 / ACC开,"福建省厦门市思明区;厦禾路336号;厦门轮渡民宿,厦门眼科中心大楼,厦门新开元医院",闽D0TL89,正北(0),"118.076022,24.462877",1782995.0,厦门市思明区禾祥西二路81号
34091,2023-09-21 09:11:58,0 km/h,1925.54 km,30秒 / 13分20秒,在线 / 停车 / ACC开,"福建省厦门市思明区;厦禾路336号;厦门轮渡民宿,厦门眼科中心大楼,厦门新开元医院",闽D0TL89,正北(0),"118.076022,24.462877",1782995.0,厦门市思明区禾祥西二路81号
34092,2023-09-21 09:12:28,0 km/h,1925.54 km,1分 / 13分20秒,在线 / 停车 / ACC开,"福建省厦门市思明区;厦禾路336号;厦门轮渡民宿,厦门眼科中心大楼,厦门新开元医院",闽D0TL89,正北(0),"118.076022,24.462877",1782995.0,厦门市思明区禾祥西二路81号
34093,2023-09-21 09:12:58,0 km/h,1925.54 km,1分30秒 / 13分20秒,在线 / 停车 / ACC开,"福建省厦门市思明区;厦禾路336号;厦门轮渡民宿,厦门眼科中心大楼,厦门新开元医院",闽D0TL89,正北(0),"118.076022,24.462877",1782995.0,厦门市思明区禾祥西二路81号
34094,2023-09-21 09:13:29,0 km/h,1925.54 km,2分1秒 / 13分20秒,在线 / 停车 / ACC开,"福建省厦门市思明区;厦禾路336号;厦门轮渡民宿,厦门眼科中心大楼,厦门新开元医院",闽D0TL89,正北(0),"118.076022,24.462877",1782995.0,厦门市思明区禾祥西二路81号
34095,2023-09-21 09:13:59,0 km/h,1925.54 km,2分31秒 / 13分20秒,在线 / 停车 / ACC开,"福建省厦门市思明区;厦禾路336号;厦门轮渡民宿,厦门眼科中心大楼,厦门新开元医院",闽D0TL89,正北(0),"118.076022,24.462877",1782995.0,厦门市思明区禾祥西二路81号
34096,2023-09-21 09:14:29,0 km/h,1925.54 km,3分1秒 / 13分20秒,在线 / 停车 / ACC开,"福建省厦门市思明区;厦禾路336号;厦门轮渡民宿,厦门眼科中心大楼,厦门新开元医院",闽D0TL89,正北(0),"118.076022,24.462877",1782995.0,厦门市思明区禾祥西二路81号
34097,2023-09-21 09:14:59,0 km/h,1925.54 km,3分31秒 / 13分20秒,在线 / 停车 / ACC开,"福建省厦门市思明区;厦禾路336号;厦门轮渡民宿,厦门眼科中心大楼,厦门新开元医院",闽D0TL89,正北(0),"118.076022,24.462877",1782995.0,厦门市思明区禾祥西二路81号
34098,2023-09-21 09:15:29,0 km/h,1925.54 km,4分1秒 / 13分20秒,在线 / 停车 / ACC开,"福建省厦门市思明区;厦禾路336号;厦门轮渡民宿,厦门眼科中心大楼,厦门新开元医院",闽D0TL89,正北(0),"118.076022,24.462877",1782995.0,厦门市思明区禾祥西二路81号
34099,2023-09-21 09:15:59,0 km/h,1925.54 km,4分31秒 / 13分20秒,在线 / 停车 / ACC开,"福建省厦门市思明区;厦禾路336号;厦门轮渡民宿,厦门眼科中心大楼,厦门新开元医院",闽D0TL89,正北(0),"118.076022,24.462877",1782995.0,厦门市思明区禾祥西二路81号
34100,2023-09-21 09:16:29,0 km/h,1925.54 km,5分1秒 / 13分20秒,在线 / 停车 / ACC开,"福建省厦门市思明区;厦禾路336号;厦门轮渡民宿,厦门眼科中心大楼,厦门新开元医院",闽D0TL89,正北(0),"118.076022,24.462877",1782995.0,厦门市思明区禾祥西二路81号
34205,2023-09-21 09:39:48,0 km/h,1928.82 km,0秒 / 0秒,在线 / 停车 / ACC开,"福建省厦门市思明区开元街道后滨东路6-107号;后滨东路,厦禾路-后滨路交叉路口;厦禾裕景一期,国珍堂中医养生馆,厦禾裕景别墅",闽D0TL89,正北(0),"118.094851,24.468669",2206038.0,厦门市思明区后江埭路104号103室
34210,2023-09-21 09:40:48,0 km/h,1928.88 km,0秒 / 1分30秒,在线 / 停车 / ACC开,"福建省厦门市思明区开元街道后滨东路6-173号;后滨东路,厦禾路-后滨路交叉路口;DINGPLAY钢琴陪练(高峰会社区店),国珍堂中医养生馆,厦禾裕景别墅",闽D0TL89,正北(0),"118.094685,24.469211",2206038.0,厦门市思明区后江埭路104号103室
34211,2023-09-21 09:41:18,0 km/h,1928.88 km,30秒 / 1分30秒,在线 / 停车 / ACC开,"福建省厦门市思明区开元街道后滨东路6-173号;后滨东路,厦禾路-后滨路交叉路口;DINGPLAY钢琴陪练(高峰会社区店),国珍堂中医养生馆,厦禾裕景别墅",闽D0TL89,正北(0),"118.094685,24.469211",2206038.0,厦门市思明区后江埭路104号103室
34212,2023-09-21 09:41:48,0 km/h,1928.88 km,1分 / 1分30秒,在线 / 停车 / ACC开,"福建省厦门市思明区开元街道后滨东路6-173号;后滨东路,厦禾路-后滨路交叉路口;DINGPLAY钢琴陪练(高峰会社区店),国珍堂中医养生馆,厦禾裕景别墅",闽D0TL89,正北(0),"118.094685,24.469211",2206038.0,厦门市思明区后江埭路104号103室
34213,2023-09-21 09:42:18,0 km/h,1928.88 km,1分30秒 / 1分30秒,在线 / 停车 / ACC开,"福建省厦门市思明区开元街道后滨东路6-173号;后滨东路,厦禾路-后滨路交叉路口;DINGPLAY钢琴陪练(高峰会社区店),国珍堂中医养生馆,厦禾裕景别墅",闽D0TL89,正北(0),"118.094685,24.469211",2206038.0,厦门市思明区后江埭路104号103室
34869,2023-09-21 14:58:13,0 km/h,1992.76 km,0秒 / 1分,在线 / 停车 / ACC开,"福建省厦门市翔安区马巷街道;民安路101号;厦门市第五医院,翔安区舫山小学,芦荟家园(翔安区马巷街体验店)",闽D0TL89,正北(0),"118.243752,24.662637",1623916.0,厦门市翔安区马巷镇印斗山南路26、28号
34870,2023-09-21 14:58:43,0 km/h,1992.76 km,30秒 / 1分,在线 / 停车 / ACC开,"福建省厦门市翔安区马巷街道;民安路101号;厦门市第五医院,翔安区舫山小学,芦荟家园(翔安区马巷街体验店)",闽D0TL89,正北(0),"118.243752,24.662637",1623916.0,厦门市翔安区马巷镇印斗山南路26、28号
34871,2023-09-21 14:59:13,0 km/h,1992.76 km,1分 / 1分,在线 / 停车 / ACC开,"福建省厦门市翔安区马巷街道;民安路101号;厦门市第五医院,翔安区舫山小学,芦荟家园(翔安区马巷街体验店)",闽D0TL89,正北(0),"118.243752,24.662637",1623916.0,厦门市翔安区马巷镇印斗山南路26、28号
34873,2023-09-21 15:00:12,0 km/h,1992.77 km,0秒 / 1分30秒,在线 / 停车 / ACC开,"福建省厦门市翔安区马巷街道;民安路101号;厦门市第五医院,翔安区舫山小学,芦荟家园(翔安区马巷街体验店)",闽D0TL89,正北(0),"118.243798,24.66274",1623916.0,厦门市翔安区马巷镇印斗山南路26、28号
34874,2023-09-21 15:00:42,0 km/h,1992.77 km,30秒 / 1分30秒,在线 / 停车 / ACC开,"福建省厦门市翔安区马巷街道;民安路101号;厦门市第五医院,翔安区舫山小学,芦荟家园(翔安区马巷街体验店)",闽D0TL89,正北(0),"118.243798,24.66274",1623916.0,厦门市翔安区马巷镇印斗山南路26、28号
34875,2023-09-21 15:01:12,0 km/h,1992.77 km,1分 / 1分30秒,在线 / 停车 / ACC开,"福建省厦门市翔安区马巷街道;民安路101号;厦门市第五医院,翔安区舫山小学,芦荟家园(翔安区马巷街体验店)",闽D0TL89,正北(0),"118.243798,24.66274",1623916.0,厦门市翔安区马巷镇印斗山南路26、28号
34876,2023-09-21 15:01:42,0 km/h,1992.77 km,1分30秒 / 1分30秒,在线 / 停车 / ACC开,"福建省厦门市翔安区马巷街道;民安路101号;厦门市第五医院,翔安区舫山小学,芦荟家园(翔安区马巷街体验店)",闽D0TL89,正北(0),"118.243798,24.66274",1623916.0,厦门市翔安区马巷镇印斗山南路26、28号
34879,2023-09-21 15:02:42,0 km/h,1992.79 km,0秒 / 29分55秒,在线 / 停车 / ACC开,"福建省厦门市翔安区马巷街道;民安路101号;厦门市第五医院,翔安区舫山小学,芦荟家园(翔安区马巷街体验店)",闽D0TL89,正北(0),"118.243751,24.662908",1623916.0,厦门市翔安区马巷镇印斗山南路26、28号
34880,2023-09-21 15:03:12,0 km/h,1992.79 km,30秒 / 29分55秒,在线 / 停车 / ACC开,"福建省厦门市翔安区马巷街道;民安路101号;厦门市第五医院,翔安区舫山小学,芦荟家园(翔安区马巷街体验店)",闽D0TL89,正北(0),"118.243751,24.662908",1623916.0,厦门市翔安区马巷镇印斗山南路26、28号
34881,2023-09-21 15:03:42,0 km/h,1992.79 km,1分 / 29分55秒,在线 / 停车 / ACC开,"福建省厦门市翔安区马巷街道;民安路101号;厦门市第五医院,翔安区舫山小学,芦荟家园(翔安区马巷街体验店)",闽D0TL89,正北(0),"118.243751,24.662908",1623916.0,厦门市翔安区马巷镇印斗山南路26、28号
34882,2023-09-21 15:04:12,0 km/h,1992.79 km,1分30秒 / 29分55秒,在线 / 停车 / ACC开,"福建省厦门市翔安区马巷街道;民安路101号;厦门市第五医院,翔安区舫山小学,芦荟家园(翔安区马巷街体验店)",闽D0TL89,正北(0),"118.243751,24.662908",1623916.0,厦门市翔安区马巷镇印斗山南路26、28号
34883,2023-09-21 15:04:42,0 km/h,1992.79 km,2分 / 29分55秒,在线 / 停车 / ACC开,"福建省厦门市翔安区马巷街道;民安路101号;厦门市第五医院,翔安区舫山小学,芦荟家园(翔安区马巷街体验店)",闽D0TL89,正北(0),"118.243751,24.662908",1623916.0,厦门市翔安区马巷镇印斗山南路26、28号
34884,2023-09-21 15:05:12,0 km/h,1992.79 km,2分30秒 / 29分55秒,在线 / 停车 / ACC开,"福建省厦门市翔安区马巷街道;民安路101号;厦门市第五医院,翔安区舫山小学,芦荟家园(翔安区马巷街体验店)",闽D0TL89,正北(0),"118.243751,24.662908",1623916.0,厦门市翔安区马巷镇印斗山南路26、28号
34885,2023-09-21 15:05:42,0 km/h,1992.79 km,3分 / 29分55秒,在线 / 停车 / ACC开,"福建省厦门市翔安区马巷街道;民安路101号;厦门市第五医院,翔安区舫山小学,芦荟家园(翔安区马巷街体验店)",闽D0TL89,正北(0),"118.243751,24.662908",1623916.0,厦门市翔安区马巷镇印斗山南路26、28号
34886,2023-09-21 15:06:12,0 km/h,1992.79 km,3分30秒 / 29分55秒,在线 / 停车 / ACC开,"福建省厦门市翔安区马巷街道;民安路101号;厦门市第五医院,翔安区舫山小学,芦荟家园(翔安区马巷街体验店)",闽D0TL89,正北(0),"118.243751,24.662908",1623916.0,厦门市翔安区马巷镇印斗山南路26、28号
34887,2023-09-21 15:06:42,0 km/h,1992.79 km,4分 / 29分55秒,在线 / 停车 / ACC开,"福建省厦门市翔安区马巷街道;民安路101号;厦门市第五医院,翔安区舫山小学,芦荟家园(翔安区马巷街体验店)",闽D0TL89,正北(0),"118.243751,24.662908",1623916.0,厦门市翔安区马巷镇印斗山南路26、28号
34888,2023-09-21 15:07:13,0 km/h,1992.79 km,4分31秒 / 29分55秒,在线 / 停车 / ACC开,"福建省厦门市翔安区马巷街道;民安路101号;厦门市第五医院,翔安区舫山小学,芦荟家园(翔安区马巷街体验店)",闽D0TL89,正北(0),"118.243751,24.662908",1623916.0,厦门市翔安区马巷镇印斗山南路26、28号
34898,2023-09-21 15:31:18,0 km/h,1992.8 km,28分36秒 / 29分55秒,在线 / 停车 / ACC开,"福建省厦门市翔安区马巷街道;民安路101号;厦门市第五医院,翔安区舫山小学,芦荟家园(翔安区马巷街体验店)",闽D0TL89,正北(0),"118.243667,24.662871",1623916.0,厦门市翔安区马巷镇印斗山南路26、28号
34899,2023-09-21 15:31:37,0 km/h,1992.8 km,28分55秒 / 29分55秒,在线 / 停车 / ACC开,"福建省厦门市翔安区马巷街道;民安路101号;厦门市第五医院,翔安区舫山小学,芦荟家园(翔安区马巷街体验店)",闽D0TL89,正北(0),"118.243667,24.662871",1623916.0,厦门市翔安区马巷镇印斗山南路26、28号
34900,2023-09-21 15:32:07,0 km/h,1992.8 km,29分25秒 / 29分55秒,在线 / 停车 / ACC开,"福建省厦门市翔安区马巷街道;民安路101号;厦门市第五医院,翔安区舫山小学,芦荟家园(翔安区马巷街体验店)",闽D0TL89,正北(0),"118.243667,24.662871",1623916.0,厦门市翔安区马巷镇印斗山南路26、28号
34901,2023-09-21 15:32:37,0 km/h,1992.8 km,29分55秒 / 29分55秒,在线 / 停车 / ACC开,"福建省厦门市翔安区马巷街道;民安路101号;厦门市第五医院,翔安区舫山小学,芦荟家园(翔安区马巷街体验店)",闽D0TL89,正北(0),"118.243667,24.662871",1623916.0,厦门市翔安区马巷镇印斗山南路26、28号
36137,2023-09-22 08:56:28,0 km/h,2100.85 km,0秒 / 29秒,在线 / 停车 / ACC开,"福建省厦门市思明区;虎园路6号之4;白鹭宾馆,科普楼院,电子器材大楼",闽D0TL89,正北(0),"118.086513,24.457",5304.0,五号楼3楼3008号药学部
36138,2023-09-22 08:56:57,0 km/h,2100.85 km,29秒 / 29秒,在线 / 停车 / ACC开,"福建省厦门市思明区;虎园路6号之4;白鹭宾馆,科普楼院,电子器材大楼",闽D0TL89,正北(0),"118.086513,24.457",5304.0,五号楼3楼3008号药学部
36347,2023-09-22 09:31:32,0 km/h,2103.05 km,0秒 / 0秒,在线 / 停车 / ACC开,"福建省厦门市思明区中华街道;白鹿路24;厦门大学附属第一医院,虎溪社区,厦门市思明区上古街82号小区",闽D0TL89,正北(0),"118.084423,24.454839",1801.0,"福建厦门古城西路9号
"
36360,2023-09-22 09:32:32,0 km/h,2103.16 km,0秒 / 25分35秒,在线 / 停车 / ACC开,"福建省厦门市思明区中华街道;白鹿路26号;厦门大学附属第一医院,厦门市思明区上古街82号小区,镇海花园",闽D0TL89,正北(0),"118.083479,24.454477",2229663.0,厦门市思明区霞溪路25号、27号、29号店面
36361,2023-09-22 09:33:02,0 km/h,2103.16 km,30秒 / 25分35秒,在线 / 停车 / ACC开,"福建省厦门市思明区中华街道;白鹿路26号;厦门大学附属第一医院,厦门市思明区上古街82号小区,镇海花园",闽D0TL89,正北(0),"118.083479,24.454477",2229663.0,厦门市思明区霞溪路25号、27号、29号店面
36362,2023-09-22 09:33:32,0 km/h,2103.16 km,1分 / 25分35秒,在线 / 停车 / ACC开,"福建省厦门市思明区中华街道;白鹿路26号;厦门大学附属第一医院,厦门市思明区上古街82号小区,镇海花园",闽D0TL89,正北(0),"118.083479,24.454477",2229663.0,厦门市思明区霞溪路25号、27号、29号店面
36363,2023-09-22 09:34:02,0 km/h,2103.16 km,1分30秒 / 25分35秒,在线 / 停车 / ACC开,"福建省厦门市思明区中华街道;白鹿路26号;厦门大学附属第一医院,厦门市思明区上古街82号小区,镇海花园",闽D0TL89,正北(0),"118.083479,24.454477",2229663.0,厦门市思明区霞溪路25号、27号、29号店面
36364,2023-09-22 09:34:32,0 km/h,2103.16 km,2分 / 25分35秒,在线 / 停车 / ACC开,"福建省厦门市思明区中华街道;白鹿路26号;厦门大学附属第一医院,厦门市思明区上古街82号小区,镇海花园",闽D0TL89,正北(0),"118.083479,24.454477",2229663.0,厦门市思明区霞溪路25号、27号、29号店面
36365,2023-09-22 09:35:02,0 km/h,2103.16 km,2分30秒 / 25分35秒,在线 / 停车 / ACC开,"福建省厦门市思明区中华街道;白鹿路26号;厦门大学附属第一医院,厦门市思明区上古街82号小区,镇海花园",闽D0TL89,正北(0),"118.083479,24.454477",2229663.0,厦门市思明区霞溪路25号、27号、29号店面
36366,2023-09-22 09:35:32,0 km/h,2103.16 km,3分 / 25分35秒,在线 / 停车 / ACC开,"福建省厦门市思明区中华街道;白鹿路26号;厦门大学附属第一医院,厦门市思明区上古街82号小区,镇海花园",闽D0TL89,正北(0),"118.083479,24.454477",2229663.0,厦门市思明区霞溪路25号、27号、29号店面
36367,2023-09-22 09:36:02,0 km/h,2103.16 km,3分30秒 / 25分35秒,在线 / 停车 / ACC开,"福建省厦门市思明区中华街道;白鹿路26号;厦门大学附属第一医院,厦门市思明区上古街82号小区,镇海花园",闽D0TL89,正北(0),"118.083479,24.454477",2229663.0,厦门市思明区霞溪路25号、27号、29号店面
36368,2023-09-22 09:36:32,0 km/h,2103.16 km,4分 / 25分35秒,在线 / 停车 / ACC开,"福建省厦门市思明区中华街道;白鹿路26号;厦门大学附属第一医院,厦门市思明区上古街82号小区,镇海花园",闽D0TL89,正北(0),"118.083479,24.454477",2229663.0,厦门市思明区霞溪路25号、27号、29号店面
36369,2023-09-22 09:37:02,0 km/h,2103.16 km,4分30秒 / 25分35秒,在线 / 停车 / ACC开,"福建省厦门市思明区中华街道;白鹿路26号;厦门大学附属第一医院,厦门市思明区上古街82号小区,镇海花园",闽D0TL89,正北(0),"118.083479,24.454477",2229663.0,厦门市思明区霞溪路25号、27号、29号店面
36370,2023-09-22 09:37:32,0 km/h,2103.16 km,5分 / 25分35秒,在线 / 停车 / ACC开,"福建省厦门市思明区中华街道;白鹿路26号;厦门大学附属第一医院,厦门市思明区上古街82号小区,镇海花园",闽D0TL89,正北(0),"118.083479,24.454477",2229663.0,厦门市思明区霞溪路25号、27号、29号店面
36371,2023-09-22 09:38:02,0 km/h,2103.16 km,5分30秒 / 25分35秒,在线 / 停车 / ACC开,"福建省厦门市思明区中华街道;白鹿路26号;厦门大学附属第一医院,厦门市思明区上古街82号小区,镇海花园",闽D0TL89,正北(0),"118.083479,24.454477",2229663.0,厦门市思明区霞溪路25号、27号、29号店面
36372,2023-09-22 09:38:32,0 km/h,2103.16 km,6分 / 25分35秒,在线 / 停车 / ACC开,"福建省厦门市思明区中华街道;白鹿路26号;厦门大学附属第一医院,厦门市思明区上古街82号小区,镇海花园",闽D0TL89,正北(0),"118.083479,24.454477",2229663.0,厦门市思明区霞溪路25号、27号、29号店面
36373,2023-09-22 09:39:02,0 km/h,2103.16 km,6分30秒 / 25分35秒,在线 / 停车 / ACC开,"福建省厦门市思明区中华街道;白鹿路26号;厦门大学附属第一医院,厦门市思明区上古街82号小区,镇海花园",闽D0TL89,正北(0),"118.083479,24.454477",2229663.0,厦门市思明区霞溪路25号、27号、29号店面
36374,2023-09-22 09:39:32,0 km/h,2103.16 km,7分 / 25分35秒,在线 / 停车 / ACC开,"福建省厦门市思明区中华街道;白鹿路26号;厦门大学附属第一医院,厦门市思明区上古街82号小区,镇海花园",闽D0TL89,正北(0),"118.083479,24.454477",2229663.0,厦门市思明区霞溪路25号、27号、29号店面
36375,2023-09-22 09:40:02,0 km/h,2103.16 km,7分30秒 / 25分35秒,在线 / 停车 / ACC开,"福建省厦门市思明区中华街道;白鹿路26号;厦门大学附属第一医院,厦门市思明区上古街82号小区,镇海花园",闽D0TL89,正北(0),"118.083479,24.454477",2229663.0,厦门市思明区霞溪路25号、27号、29号店面
36380,2023-09-22 09:47:52,0 km/h,2103.19 km,15分20秒 / 25分35秒,在线 / 停车 / ACC开,"福建省厦门市思明区中华街道;白鹿路26号;厦门大学附属第一医院,厦门市思明区上古街82号小区,镇海花园",闽D0TL89,正北(0),"118.083479,24.454477",2229663.0,厦门市思明区霞溪路25号、27号、29号店面
36381,2023-09-22 09:48:13,0 km/h,2103.19 km,15分41秒 / 25分35秒,在线 / 停车 / ACC开,"福建省厦门市思明区中华街道;白鹿路26号;厦门大学附属第一医院,厦门市思明区上古街82号小区,镇海花园",闽D0TL89,正北(0),"118.083479,24.454477",2229663.0,厦门市思明区霞溪路25号、27号、29号店面
36382,2023-09-22 09:48:43,0 km/h,2103.19 km,16分11秒 / 25分35秒,在线 / 停车 / ACC开,"福建省厦门市思明区中华街道;白鹿路26号;厦门大学附属第一医院,厦门市思明区上古街82号小区,镇海花园",闽D0TL89,正北(0),"118.083479,24.454477",2229663.0,厦门市思明区霞溪路25号、27号、29号店面
36383,2023-09-22 09:49:13,0 km/h,2103.19 km,16分41秒 / 25分35秒,在线 / 停车 / ACC开,"福建省厦门市思明区中华街道;白鹿路26号;厦门大学附属第一医院,厦门市思明区上古街82号小区,镇海花园",闽D0TL89,正北(0),"118.083479,24.454477",2229663.0,厦门市思明区霞溪路25号、27号、29号店面
36384,2023-09-22 09:49:43,0 km/h,2103.19 km,17分11秒 / 25分35秒,在线 / 停车 / ACC开,"福建省厦门市思明区中华街道;白鹿路26号;厦门大学附属第一医院,厦门市思明区上古街82号小区,镇海花园",闽D0TL89,正北(0),"118.083479,24.454477",2229663.0,厦门市思明区霞溪路25号、27号、29号店面
36385,2023-09-22 09:50:13,0 km/h,2103.19 km,17分41秒 / 25分35秒,在线 / 停车 / ACC开,"福建省厦门市思明区中华街道;白鹿路26号;厦门大学附属第一医院,厦门市思明区上古街82号小区,镇海花园",闽D0TL89,正北(0),"118.083479,24.454477",2229663.0,厦门市思明区霞溪路25号、27号、29号店面
36386,2023-09-22 09:50:43,0 km/h,2103.19 km,18分11秒 / 25分35秒,在线 / 停车 / ACC开,"福建省厦门市思明区中华街道;白鹿路26号;厦门大学附属第一医院,厦门市思明区上古街82号小区,镇海花园",闽D0TL89,正北(0),"118.083479,24.454477",2229663.0,厦门市思明区霞溪路25号、27号、29号店面
36387,2023-09-22 09:51:13,0 km/h,2103.19 km,18分41秒 / 25分35秒,在线 / 停车 / ACC开,"福建省厦门市思明区中华街道;白鹿路26号;厦门大学附属第一医院,厦门市思明区上古街82号小区,镇海花园",闽D0TL89,正北(0),"118.083479,24.454477",2229663.0,厦门市思明区霞溪路25号、27号、29号店面
36388,2023-09-22 09:51:43,0 km/h,2103.19 km,19分11秒 / 25分35秒,在线 / 停车 / ACC开,"福建省厦门市思明区中华街道;白鹿路26号;厦门大学附属第一医院,厦门市思明区上古街82号小区,镇海花园",闽D0TL89,正北(0),"118.083479,24.454477",2229663.0,厦门市思明区霞溪路25号、27号、29号店面
36389,2023-09-22 09:52:13,0 km/h,2103.19 km,19分41秒 / 25分35秒,在线 / 停车 / ACC开,"福建省厦门市思明区中华街道;白鹿路26号;厦门大学附属第一医院,厦门市思明区上古街82号小区,镇海花园",闽D0TL89,正北(0),"118.083479,24.454477",2229663.0,厦门市思明区霞溪路25号、27号、29号店面
36390,2023-09-22 09:52:43,0 km/h,2103.19 km,20分11秒 / 25分35秒,在线 / 停车 / ACC开,"福建省厦门市思明区中华街道;白鹿路26号;厦门大学附属第一医院,厦门市思明区上古街82号小区,镇海花园",闽D0TL89,正北(0),"118.083479,24.454477",2229663.0,厦门市思明区霞溪路25号、27号、29号店面
36394,2023-09-22 09:56:48,0 km/h,2103.21 km,24分16秒 / 25分35秒,在线 / 停车 / ACC开,"福建省厦门市思明区中华街道;镇海路61-109号;厦门大学附属第一医院,厦门市思明区上古街82号小区,镇海花园",闽D0TL89,正北(0),"118.083299,24.454462",2229663.0,厦门市思明区霞溪路25号、27号、29号店面
36395,2023-09-22 09:57:06,0 km/h,2103.21 km,24分34秒 / 25分35秒,在线 / 停车 / ACC开,"福建省厦门市思明区中华街道;镇海路61-109号;厦门大学附属第一医院,厦门市思明区上古街82号小区,镇海花园",闽D0TL89,正北(0),"118.083299,24.454462",2229663.0,厦门市思明区霞溪路25号、27号、29号店面
36396,2023-09-22 09:57:37,0 km/h,2103.21 km,25分5秒 / 25分35秒,在线 / 停车 / ACC开,"福建省厦门市思明区中华街道;镇海路61-109号;厦门大学附属第一医院,厦门市思明区上古街82号小区,镇海花园",闽D0TL89,正北(0),"118.083299,24.454462",2229663.0,厦门市思明区霞溪路25号、27号、29号店面
36397,2023-09-22 09:58:07,0 km/h,2103.21 km,25分35秒 / 25分35秒,在线 / 停车 / ACC开,"福建省厦门市思明区中华街道;镇海路61-109号;厦门大学附属第一医院,厦门市思明区上古街82号小区,镇海花园",闽D0TL89,正北(0),"118.083299,24.454462",2229663.0,厦门市思明区霞溪路25号、27号、29号店面
36482,2023-09-22 10:09:36,0 km/h,2104.86 km,0秒 / 0秒,在线 / 停车 / ACC开,"福建省厦门市思明区开元街道;文园路74号;将军祠(地铁站),将军祠社区,宝成花园",闽D0TL89,正北(0),"118.094665,24.463214",712239.0,厦门市思明区厦禾路668号第十三层
36555,2023-09-22 10:19:36,0 km/h,2106.33 km,0秒 / 30秒,在线 / 停车 / ACC开,"福建省厦门市思明区开元街道;文园路;文灶中心幼儿园,财福兴烟酒商行,厦门阿木木童鞋公寓(3号店)",闽D0TL89,正北(0),"118.104369,24.464256",1029.0,厦门市思明区文园路11-1、2号
36556,2023-09-22 10:20:06,0 km/h,2106.33 km,30秒 / 30秒,在线 / 停车 / ACC开,"福建省厦门市思明区开元街道;文园路;文灶中心幼儿园,财福兴烟酒商行,厦门阿木木童鞋公寓(3号店)",闽D0TL89,正北(0),"118.104369,24.464256",1029.0,厦门市思明区文园路11-1、2号
36690,2023-09-22 10:40:06,0 km/h,2122.87 km,0秒 / 1分30秒,在线 / 停车 / ACC开,"福建省厦门市湖里区殿前街道;长浩路201号;翔鹭国际大酒店-C门,迈飞国际健康管理,长乐村B组",闽D0TL89,正北(0),"118.10227,24.52382",12833.0,厦门市湖里区寨上社2235-104号、2235-105号
36691,2023-09-22 10:40:36,0 km/h,2122.87 km,30秒 / 1分30秒,在线 / 停车 / ACC开,"福建省厦门市湖里区殿前街道;长浩路201号;翔鹭国际大酒店-C门,迈飞国际健康管理,长乐村B组",闽D0TL89,正北(0),"118.10227,24.52382",12833.0,厦门市湖里区寨上社2235-104号、2235-105号
36692,2023-09-22 10:41:06,0 km/h,2122.87 km,1分 / 1分30秒,在线 / 停车 / ACC开,"福建省厦门市湖里区殿前街道;长浩路201号;翔鹭国际大酒店-C门,迈飞国际健康管理,长乐村B组",闽D0TL89,正北(0),"118.10227,24.52382",12833.0,厦门市湖里区寨上社2235-104号、2235-105号
36693,2023-09-22 10:41:36,0 km/h,2122.87 km,1分30秒 / 1分30秒,在线 / 停车 / ACC开,"福建省厦门市湖里区殿前街道;长浩路201号;翔鹭国际大酒店-C门,迈飞国际健康管理,长乐村B组",闽D0TL89,正北(0),"118.10227,24.52382",12833.0,厦门市湖里区寨上社2235-104号、2235-105号
36780,2023-09-22 11:00:36,0 km/h,2138.43 km,0秒 / 1分,在线 / 停车 / ACC开,福建省厦门市集美区乐活小镇;铁山路;厦门厦工重工有限公司东门,闽D0TL89,正北(0),"118.003113,24.598787",2242363.0,1.除医疗用毒性药品（中药饮片）外委托鹭燕医药股份有限公司【仓库地址：厦门市集美区灌南工业区安仁大道1599号（4号仓库）三层西侧、6#（鹭燕厦门现代医药仓储中心）自动化高架物流仓库及1-4层平层仓库】储存、配送
36781,2023-09-22 11:01:06,0 km/h,2138.43 km,30秒 / 1分,在线 / 停车 / ACC开,福建省厦门市集美区乐活小镇;铁山路;厦门厦工重工有限公司东门,闽D0TL89,正北(0),"118.003113,24.598787",2242363.0,1.除医疗用毒性药品（中药饮片）外委托鹭燕医药股份有限公司【仓库地址：厦门市集美区灌南工业区安仁大道1599号（4号仓库）三层西侧、6#（鹭燕厦门现代医药仓储中心）自动化高架物流仓库及1-4层平层仓库】储存、配送
36782,2023-09-22 11:01:36,0 km/h,2138.43 km,1分 / 1分,在线 / 停车 / ACC开,福建省厦门市集美区乐活小镇;铁山路;厦门厦工重工有限公司东门,闽D0TL89,正北(0),"118.003113,24.598787",2242363.0,1.除医疗用毒性药品（中药饮片）外委托鹭燕医药股份有限公司【仓库地址：厦门市集美区灌南工业区安仁大道1599号（4号仓库）三层西侧、6#（鹭燕厦门现代医药仓储中心）自动化高架物流仓库及1-4层平层仓库】储存、配送
37178,2023-09-22 15:12:43,0 km/h,2159.57 km,0秒 / 2分30秒,在线 / 停车 / ACC开,"福建省厦门市湖里区殿前街道;嘉园路;小蜜蜂超市,中国银行atm,芙蓉苑西区11栋",闽D0TL89,正北(0),"118.111968,24.517628",34535.0,湖里区湖里街道嘉园路79号之三之2、103、201、202、203、206、207、208室，81号104、204、209室
37179,2023-09-22 15:13:13,0 km/h,2159.57 km,30秒 / 2分30秒,在线 / 停车 / ACC开,"福建省厦门市湖里区殿前街道;嘉园路;小蜜蜂超市,中国银行atm,芙蓉苑西区11栋",闽D0TL89,正北(0),"118.111968,24.517628",34535.0,湖里区湖里街道嘉园路79号之三之2、103、201、202、203、206、207、208室，81号104、204、209室
37180,2023-09-22 15:13:43,0 km/h,2159.57 km,1分 / 2分30秒,在线 / 停车 / ACC开,"福建省厦门市湖里区殿前街道;嘉园路;小蜜蜂超市,中国银行atm,芙蓉苑西区11栋",闽D0TL89,正北(0),"118.111968,24.517628",34535.0,湖里区湖里街道嘉园路79号之三之2、103、201、202、203、206、207、208室，81号104、204、209室
37181,2023-09-22 15:14:13,0 km/h,2159.57 km,1分30秒 / 2分30秒,在线 / 停车 / ACC开,"福建省厦门市湖里区殿前街道;嘉园路;小蜜蜂超市,中国银行atm,芙蓉苑西区11栋",闽D0TL89,正北(0),"118.111968,24.517628",34535.0,湖里区湖里街道嘉园路79号之三之2、103、201、202、203、206、207、208室，81号104、204、209室
37182,2023-09-22 15:14:43,0 km/h,2159.57 km,2分 / 2分30秒,在线 / 停车 / ACC开,"福建省厦门市湖里区殿前街道;嘉园路;小蜜蜂超市,中国银行atm,芙蓉苑西区11栋",闽D0TL89,正北(0),"118.111968,24.517628",34535.0,湖里区湖里街道嘉园路79号之三之2、103、201、202、203、206、207、208室，81号104、204、209室
37183,2023-09-22 15:15:13,0 km/h,2159.57 km,2分30秒 / 2分30秒,在线 / 停车 / ACC开,"福建省厦门市湖里区殿前街道;嘉园路;小蜜蜂超市,中国银行atm,芙蓉苑西区11栋",闽D0TL89,正北(0),"118.111968,24.517628",34535.0,湖里区湖里街道嘉园路79号之三之2、103、201、202、203、206、207、208室，81号104、204、209室
37448,2023-09-22 16:04:32,0 km/h,2164.43 km,0秒 / 30秒,在线 / 停车 / ACC开,"福建省厦门市湖里区湖里街道;湖里大道;上汽通用别克厦门海翼泰成4s店[厦门海翼泰成汽车服务有限公司],印象玫瑰国际商务会馆,联盛大厦",闽D0TL89,正北(0),"118.100347,24.511421",53312.0,厦门市湖里区湖里大道28号第三层西3F单元
37449,2023-09-22 16:05:02,0 km/h,2164.43 km,30秒 / 30秒,在线 / 停车 / ACC开,"福建省厦门市湖里区湖里街道;湖里大道;上汽通用别克厦门海翼泰成4s店[厦门海翼泰成汽车服务有限公司],印象玫瑰国际商务会馆,联盛大厦",闽D0TL89,正北(0),"118.100347,24.511421",53312.0,厦门市湖里区湖里大道28号第三层西3F单元
37517,2023-09-22 16:15:32,0 km/h,2165.48 km,0秒 / 30秒,在线 / 停车 / ACC开,"福建省厦门市湖里区湖里街道;华荣路42号;湖里派出所(兴隆路),厦门市湖里区华荣梅沙幼儿园,厦门金鹭特种合金有限公司",闽D0TL89,正北(0),"118.103493,24.511552",2208454.0,厦门市湖里区湖里大道37号1、2号楼
37518,2023-09-22 16:16:02,0 km/h,2165.48 km,30秒 / 30秒,在线 / 停车 / ACC开,"福建省厦门市湖里区湖里街道;华荣路42号;湖里派出所(兴隆路),厦门市湖里区华荣梅沙幼儿园,厦门金鹭特种合金有限公司",闽D0TL89,正北(0),"118.103493,24.511552",2208454.0,厦门市湖里区湖里大道37号1、2号楼
37917,2023-09-22 17:46:43,0 km/h,2176.49 km,0秒 / 0秒,在线 / 停车 / ACC开,"福建省厦门市湖里区殿前街道;长浩东路15号;编织袋批发,铭车坊汽车服务中心,鑫军驾校",闽D0TL89,正北(0),"118.105134,24.526587",292769.0,厦门市湖里区长虹路389号之一
38883,2023-09-23 09:48:58,0 km/h,2233.52 km,0秒 / 1分,在线 / 停车 / ACC开,"福建省厦门市思明区开元街道湖滨南路187号;湖滨中路,湖滨中路-湖滨南路交叉路口;厦门源昌凯宾斯基大酒店·悦福大酒楼,嘉禾园,源昌商务中心",闽D0TL89,正北(0),"118.095264,24.474631",1987.0,福建厦门白鹭州东路66号第一层
38884,2023-09-23 09:49:28,0 km/h,2233.52 km,30秒 / 1分,在线 / 停车 / ACC开,"福建省厦门市思明区开元街道湖滨南路187号;湖滨中路,湖滨中路-湖滨南路交叉路口;厦门源昌凯宾斯基大酒店·悦福大酒楼,嘉禾园,源昌商务中心",闽D0TL89,正北(0),"118.095264,24.474631",1987.0,福建厦门白鹭州东路66号第一层
38885,2023-09-23 09:49:58,0 km/h,2233.52 km,1分 / 1分,在线 / 停车 / ACC开,"福建省厦门市思明区开元街道湖滨南路187号;湖滨中路,湖滨中路-湖滨南路交叉路口;厦门源昌凯宾斯基大酒店·悦福大酒楼,嘉禾园,源昌商务中心",闽D0TL89,正北(0),"118.095264,24.474631",1987.0,福建厦门白鹭州东路66号第一层
38893,2023-09-23 09:50:58,0 km/h,2233.91 km,0秒 / 30秒,在线 / 停车 / ACC开,"福建省厦门市思明区开元街道;湖滨中路37号;金悦酒店,快乐家园,古龙综合楼",闽D0TL89,正北(0),"118.097645,24.471765",2207858.0,4号楼3楼
38894,2023-09-23 09:51:28,0 km/h,2233.91 km,30秒 / 30秒,在线 / 停车 / ACC开,"福建省厦门市思明区开元街道;湖滨中路37号;金悦酒店,快乐家园,古龙综合楼",闽D0TL89,正北(0),"118.097645,24.471765",2207858.0,4号楼3楼
38973,2023-09-23 10:09:46,0 km/h,2236.36 km,0秒 / 0秒,在线 / 停车 / ACC开,"福建省厦门市思明区开元街道厦禾路718号;厦禾路,厦禾路-后滨路交叉路口;厦门大学附属中山医院厦禾体检部,厦门大学附属中山医院厦禾分部,时代·幂学教育",闽D0TL89,正北(0),"118.094003,24.467408",58090.0,思明区后江埭路46号之107室
38991,2023-09-23 10:12:16,0 km/h,2236.89 km,0秒 / 1分,在线 / 停车 / ACC开,"福建省厦门市思明区开元街道;后滨路39号;心和美术园,新景禾祥高峰会,白鹭花园",闽D0TL89,正北(0),"118.093271,24.47007",207157.0,思明区湖滨南路91号非矿大厦2H-1，2
38992,2023-09-23 10:12:46,0 km/h,2236.89 km,30秒 / 1分,在线 / 停车 / ACC开,"福建省厦门市思明区开元街道;后滨路39号;心和美术园,新景禾祥高峰会,白鹭花园",闽D0TL89,正北(0),"118.093271,24.47007",207157.0,思明区湖滨南路91号非矿大厦2H-1，2
38993,2023-09-23 10:13:16,0 km/h,2236.89 km,1分 / 1分,在线 / 停车 / ACC开,"福建省厦门市思明区开元街道;后滨路39号;心和美术园,新景禾祥高峰会,白鹭花园",闽D0TL89,正北(0),"118.093271,24.47007",207157.0,思明区湖滨南路91号非矿大厦2H-1，2
39827,2023-09-23 15:09:41,0 km/h,2294.88 km,0秒 / 0秒,在线 / 停车 / ACC开,"福建省厦门市思明区莲前街道洪文五里52号;前埔西路,前埔西路-文兴西路交叉路口;斑鸠山公园,人社服务窗口(莲翔社区便民服务点),中国共产党厦门市思明区莲前街道莲翔社区委员会",闽D0TL89,正北(0),"118.159914,24.474626",12905.0,厦门市思明区莲前东路瑞景商业广场内地下室一楼0615A10002号 
39865,2023-09-23 15:15:41,0 km/h,2295.97 km,0秒 / 0秒,在线 / 停车 / ACC开,"福建省厦门市思明区莲前街道莲前东路275号;前埔东路,前埔东路-莲前东路交叉路口;绝味鸭脖(厦门前埔南区店),全家福中式餐饮连锁(前埔店),沪上阿姨鲜果茶(前埔店)",闽D0TL89,正北(0),"118.168178,24.472979",721.0,厦门市思明区莲前东路874号
40115,2023-09-23 15:57:45,0 km/h,2304.09 km,0秒 / 1分,在线 / 停车 / ACC开,"福建省厦门市湖里区;田头西二路;万科云玺,云玺万科里,万科云玺1号楼领航",闽D0TL89,正北(0),"118.18082,24.510813",56820.0,厦门市湖里区高林村黄厝社85号
40116,2023-09-23 15:58:15,0 km/h,2304.09 km,30秒 / 1分,在线 / 停车 / ACC开,"福建省厦门市湖里区;田头西二路;万科云玺,云玺万科里,万科云玺1号楼领航",闽D0TL89,正北(0),"118.18082,24.510813",56820.0,厦门市湖里区高林村黄厝社85号
40117,2023-09-23 15:58:45,0 km/h,2304.09 km,1分 / 1分,在线 / 停车 / ACC开,"福建省厦门市湖里区;田头西二路;万科云玺,云玺万科里,万科云玺1号楼领航",闽D0TL89,正北(0),"118.18082,24.510813",56820.0,厦门市湖里区高林村黄厝社85号
40182,2023-09-23 16:09:16,0 km/h,2305.43 km,0秒 / 1分30秒,在线 / 停车 / ACC开,"福建省厦门市湖里区金山街道;高林中路3-103号;厦门湖里万达广场写字楼C区,万达广场写字楼C区-南门,厦门赵杰kk公寓",闽D0TL89,正北(0),"118.17316,24.504318",2244270.0,厦门市湖里区金益五里3-107号
40183,2023-09-23 16:09:46,0 km/h,2305.43 km,30秒 / 1分30秒,在线 / 停车 / ACC开,"福建省厦门市湖里区金山街道;高林中路3-103号;厦门湖里万达广场写字楼C区,万达广场写字楼C区-南门,厦门赵杰kk公寓",闽D0TL89,正北(0),"118.17316,24.504318",2244270.0,厦门市湖里区金益五里3-107号
40184,2023-09-23 16:10:16,0 km/h,2305.43 km,1分 / 1分30秒,在线 / 停车 / ACC开,"福建省厦门市湖里区金山街道;高林中路3-103号;厦门湖里万达广场写字楼C区,万达广场写字楼C区-南门,厦门赵杰kk公寓",闽D0TL89,正北(0),"118.17316,24.504318",2244270.0,厦门市湖里区金益五里3-107号
40185,2023-09-23 16:10:46,0 km/h,2305.43 km,1分30秒 / 1分30秒,在线 / 停车 / ACC开,"福建省厦门市湖里区金山街道;高林中路3-103号;厦门湖里万达广场写字楼C区,万达广场写字楼C区-南门,厦门赵杰kk公寓",闽D0TL89,正北(0),"118.17316,24.504318",2244270.0,厦门市湖里区金益五里3-107号
40187,2023-09-23 16:11:30,0 km/h,2305.44 km,0秒 / 0秒,在线 / 停车 / ACC开,"福建省厦门市湖里区金山街道;金钟路;湖里万达广场写字楼C区,厦门湖里万达广场-C1号楼,万达广场写字楼",闽D0TL89,正北(0),"118.173,24.504308",2244270.0,厦门市湖里区金益五里3-107号
40346,2023-09-23 16:36:46,0 km/h,2311.62 km,0秒 / 0秒,在线 / 停车 / ACC开,"福建省厦门市湖里区金山街道;五缘湾道;中骏·天誉,福建世邦泰和物业管理有限公司,复旦大学附属中山医院厦门医院-9号门",闽D0TL89,正北(0),"118.159955,24.512712",1181133.0,湖里区禾山街道穆厝路1号109单元
41727,2023-09-25 09:16:22,0 km/h,2357.09 km,0秒 / 30秒,在线 / 停车 / ACC开,"福建省厦门市湖里区殿前街道长浩路52号;长浩路,长浩路-长乐路交叉路口;厦门市图书馆(殿前街道分馆),殿前工商行政管理所,湖里区市场和质量监督管理局殿前市场监督管理所",闽D0TL89,正北(0),"118.101178,24.525531",28470.0,厦门市湖里区寨上一组1012号之一
41728,2023-09-25 09:16:52,0 km/h,2357.09 km,30秒 / 30秒,在线 / 停车 / ACC开,"福建省厦门市湖里区殿前街道长浩路52号;长浩路,长浩路-长乐路交叉路口;厦门市图书馆(殿前街道分馆),殿前工商行政管理所,湖里区市场和质量监督管理局殿前市场监督管理所",闽D0TL89,正北(0),"118.101178,24.525531",28470.0,厦门市湖里区寨上一组1012号之一
42209,2023-09-25 14:38:30,0 km/h,2381.43 km,0秒 / 1分,在线 / 停车 / ACC开,"福建省厦门市集美区灌口镇安仁大道1473号;安仁大道辅路,安仁大道辅路-三社路交叉路口;厦门风味小吃(安仁里小区店),双艺美术书法教育(安仁里精品校区),画咖工场美术馆",闽D0TL89,正北(0),"117.998848,24.603987",1081.0,集美灌口
42210,2023-09-25 14:39:00,0 km/h,2381.43 km,30秒 / 1分,在线 / 停车 / ACC开,"福建省厦门市集美区灌口镇安仁大道1473号;安仁大道辅路,安仁大道辅路-三社路交叉路口;厦门风味小吃(安仁里小区店),双艺美术书法教育(安仁里精品校区),画咖工场美术馆",闽D0TL89,正北(0),"117.998848,24.603987",1081.0,集美灌口
42211,2023-09-25 14:39:30,0 km/h,2381.43 km,1分 / 1分,在线 / 停车 / ACC开,"福建省厦门市集美区灌口镇安仁大道1473号;安仁大道辅路,安仁大道辅路-三社路交叉路口;厦门风味小吃(安仁里小区店),双艺美术书法教育(安仁里精品校区),画咖工场美术馆",闽D0TL89,正北(0),"117.998848,24.603987",1081.0,集美灌口
42625,2023-09-25 16:07:36,0 km/h,2411.8 km,0秒 / 1分30秒,在线 / 停车 / ACC开,"福建省厦门市思明区鹭江街道禾祥西二路60号;湖滨西路,角滨西路-角滨东路交叉路口;厦门农商银行(滨西支行),1980烧肉粽(思北店),交通银行(厦门思北支行)",闽D0TL89,正北(0),"118.074116,24.464737",49937.0,东侨逸涛商城7号楼E6店
42626,2023-09-25 16:08:06,0 km/h,2411.8 km,30秒 / 1分30秒,在线 / 停车 / ACC开,"福建省厦门市思明区鹭江街道禾祥西二路60号;湖滨西路,角滨西路-角滨东路交叉路口;厦门农商银行(滨西支行),1980烧肉粽(思北店),交通银行(厦门思北支行)",闽D0TL89,正北(0),"118.074116,24.464737",49937.0,东侨逸涛商城7号楼E6店
42627,2023-09-25 16:08:36,0 km/h,2411.8 km,1分 / 1分30秒,在线 / 停车 / ACC开,"福建省厦门市思明区鹭江街道禾祥西二路60号;湖滨西路,角滨西路-角滨东路交叉路口;厦门农商银行(滨西支行),1980烧肉粽(思北店),交通银行(厦门思北支行)",闽D0TL89,正北(0),"118.074116,24.464737",49937.0,东侨逸涛商城7号楼E6店
42628,2023-09-25 16:09:06,0 km/h,2411.8 km,1分30秒 / 1分30秒,在线 / 停车 / ACC开,"福建省厦门市思明区鹭江街道禾祥西二路60号;湖滨西路,角滨西路-角滨东路交叉路口;厦门农商银行(滨西支行),1980烧肉粽(思北店),交通银行(厦门思北支行)",闽D0TL89,正北(0),"118.074116,24.464737",49937.0,东侨逸涛商城7号楼E6店
42672,2023-09-25 16:29:39,0 km/h,2412.3 km,0秒 / 0秒,在线 / 停车 / ACC开,"福建省厦门市思明区鹭江街道;禾祥西二路;茗腾茶叶,一口元气寿司(华侨海景城店),汇梦宫开心乐园",闽D0TL89,正北(0),"118.07678,24.463179",2203048.0,厦门市思明区禾祥西二路85号，87号之二，67号之三
42770,2023-09-25 16:43:08,0 km/h,2415.58 km,0秒 / 1分30秒,在线 / 停车 / ACC开,"福建省厦门市思明区开元街道;文园路34号;吉龙阁(文塔路),橡胶新村,弘龙商业城",闽D0TL89,正北(0),"118.098308,24.466924",1076327.0,厦门市思明区后滨路35-37号1A-1单元(一层)、1A、2A单元(二层)
42771,2023-09-25 16:43:38,0 km/h,2415.58 km,30秒 / 1分30秒,在线 / 停车 / ACC开,"福建省厦门市思明区开元街道;文园路34号;吉龙阁(文塔路),橡胶新村,弘龙商业城",闽D0TL89,正北(0),"118.098308,24.466924",1076327.0,厦门市思明区后滨路35-37号1A-1单元(一层)、1A、2A单元(二层)
42772,2023-09-25 16:44:08,0 km/h,2415.58 km,1分 / 1分30秒,在线 / 停车 / ACC开,"福建省厦门市思明区开元街道;文园路34号;吉龙阁(文塔路),橡胶新村,弘龙商业城",闽D0TL89,正北(0),"118.098308,24.466924",1076327.0,厦门市思明区后滨路35-37号1A-1单元(一层)、1A、2A单元(二层)
42773,2023-09-25 16:44:38,0 km/h,2415.58 km,1分30秒 / 1分30秒,在线 / 停车 / ACC开,"福建省厦门市思明区开元街道;文园路34号;吉龙阁(文塔路),橡胶新村,弘龙商业城",闽D0TL89,正北(0),"118.098308,24.466924",1076327.0,厦门市思明区后滨路35-37号1A-1单元(一层)、1A、2A单元(二层)
42775,2023-09-25 16:45:38,0 km/h,2415.59 km,0秒 / 0秒,在线 / 停车 / ACC开,"福建省厦门市思明区开元街道;文园路34号;橡胶新村,吉龙阁(文塔路),弈博瓷苑",闽D0TL89,正北(0),"118.098284,24.466777",1076327.0,厦门市思明区后滨路35-37号1A-1单元(一层)、1A、2A单元(二层)
42777,2023-09-25 16:46:38,0 km/h,2415.61 km,0秒 / 0秒,在线 / 停车 / ACC开,"福建省厦门市思明区开元街道文园路38号;文园路,文塔路-文塔西路交叉路口;峰煜口腔,璞宿精选酒店,赫尔本整形外科",闽D0TL89,正北(0),"118.098156,24.466687",1076327.0,厦门市思明区后滨路35-37号1A-1单元(一层)、1A、2A单元(二层)
42779,2023-09-25 16:47:08,0 km/h,2415.61 km,0秒 / 1分,在线 / 停车 / ACC开,"福建省厦门市思明区开元街道;文园路42号;橡胶新村,吉龙阁(文塔路),4-文瀚阁",闽D0TL89,正北(0),"118.098085,24.466652",1076327.0,厦门市思明区后滨路35-37号1A-1单元(一层)、1A、2A单元(二层)
42780,2023-09-25 16:47:38,0 km/h,2415.61 km,30秒 / 1分,在线 / 停车 / ACC开,"福建省厦门市思明区开元街道;文园路42号;橡胶新村,吉龙阁(文塔路),4-文瀚阁",闽D0TL89,正北(0),"118.098085,24.466652",1076327.0,厦门市思明区后滨路35-37号1A-1单元(一层)、1A、2A单元(二层)
42781,2023-09-25 16:48:08,0 km/h,2415.61 km,1分 / 1分,在线 / 停车 / ACC开,"福建省厦门市思明区开元街道;文园路42号;橡胶新村,吉龙阁(文塔路),4-文瀚阁",闽D0TL89,正北(0),"118.098085,24.466652",1076327.0,厦门市思明区后滨路35-37号1A-1单元(一层)、1A、2A单元(二层)
42870,2023-09-25 17:01:09,0 km/h,2418.07 km,0秒 / 0秒,在线 / 停车 / ACC开,"福建省厦门市思明区梧村街道;文园路1-3;亚太财富广场,帝豪大厦,中国银行(厦门文灶支行)",闽D0TL89,正北(0),"118.099317,24.468242",292806.0,厦门市思明区禾祥西路777号A室一层之二，二层之二
42906,2023-09-25 17:06:39,0 km/h,2418.66 km,0秒 / 0秒,在线 / 停车 / ACC开,"福建省厦门市思明区梧村街道后埭溪路86号;后埭溪路,后埭溪路-文灶街交叉路口;仓里小陆烤鱼,求实楼,圣达菲美式餐厅(嘉禾良库店)",闽D0TL89,正北(0),"118.103488,24.467616",2226050.0,厦门市思明区湖滨中路7-9号第二层B单元
43731,2023-09-26 09:03:44,0 km/h,2480.04 km,0秒 / 5分39秒,在线 / 停车 / ACC开,"福建省厦门市思明区;镇海路10号;厦门市妇幼保健院,泰谷酒店,厦门第一广场",闽D0TL89,正北(0),"118.076106,24.452622",51383.0,厦门市思明区水仙路33号海光大厦26楼B单元
43732,2023-09-26 09:04:14,0 km/h,2480.04 km,30秒 / 5分39秒,在线 / 停车 / ACC开,"福建省厦门市思明区;镇海路10号;厦门市妇幼保健院,泰谷酒店,厦门第一广场",闽D0TL89,正北(0),"118.076106,24.452622",51383.0,厦门市思明区水仙路33号海光大厦26楼B单元
43733,2023-09-26 09:04:44,0 km/h,2480.04 km,1分 / 5分39秒,在线 / 停车 / ACC开,"福建省厦门市思明区;镇海路10号;厦门市妇幼保健院,泰谷酒店,厦门第一广场",闽D0TL89,正北(0),"118.076106,24.452622",51383.0,厦门市思明区水仙路33号海光大厦26楼B单元
43734,2023-09-26 09:05:14,0 km/h,2480.04 km,1分30秒 / 5分39秒,在线 / 停车 / ACC开,"福建省厦门市思明区;镇海路10号;厦门市妇幼保健院,泰谷酒店,厦门第一广场",闽D0TL89,正北(0),"118.076106,24.452622",51383.0,厦门市思明区水仙路33号海光大厦26楼B单元
43735,2023-09-26 09:05:44,0 km/h,2480.04 km,2分 / 5分39秒,在线 / 停车 / ACC开,"福建省厦门市思明区;镇海路10号;厦门市妇幼保健院,泰谷酒店,厦门第一广场",闽D0TL89,正北(0),"118.076106,24.452622",51383.0,厦门市思明区水仙路33号海光大厦26楼B单元
43736,2023-09-26 09:06:14,0 km/h,2480.04 km,2分30秒 / 5分39秒,在线 / 停车 / ACC开,"福建省厦门市思明区;镇海路10号;厦门市妇幼保健院,泰谷酒店,厦门第一广场",闽D0TL89,正北(0),"118.076106,24.452622",51383.0,厦门市思明区水仙路33号海光大厦26楼B单元
43737,2023-09-26 09:06:44,0 km/h,2480.04 km,3分 / 5分39秒,在线 / 停车 / ACC开,"福建省厦门市思明区;镇海路10号;厦门市妇幼保健院,泰谷酒店,厦门第一广场",闽D0TL89,正北(0),"118.076106,24.452622",51383.0,厦门市思明区水仙路33号海光大厦26楼B单元
43738,2023-09-26 09:07:14,0 km/h,2480.04 km,3分30秒 / 5分39秒,在线 / 停车 / ACC开,"福建省厦门市思明区;镇海路10号;厦门市妇幼保健院,泰谷酒店,厦门第一广场",闽D0TL89,正北(0),"118.076106,24.452622",51383.0,厦门市思明区水仙路33号海光大厦26楼B单元
43739,2023-09-26 09:07:44,0 km/h,2480.04 km,4分 / 5分39秒,在线 / 停车 / ACC开,"福建省厦门市思明区;镇海路10号;厦门市妇幼保健院,泰谷酒店,厦门第一广场",闽D0TL89,正北(0),"118.076106,24.452622",51383.0,厦门市思明区水仙路33号海光大厦26楼B单元
43742,2023-09-26 09:09:23,0 km/h,2480.04 km,5分39秒 / 5分39秒,在线 / 停车 / ACC开,"福建省厦门市思明区;镇海路10号;厦门市妇幼保健院,泰谷酒店,镇海路23号综合楼",闽D0TL89,正北(0),"118.076125,24.452618",51383.0,厦门市思明区水仙路33号海光大厦26楼B单元
43988,2023-09-26 09:54:28,0 km/h,2483.49 km,0秒 / 30秒,在线 / 停车 / ACC开,"福建省厦门市思明区开元街道;百家村路58号;中山公园实验小学社区,百家阁,闽侨大厦(中兴路)",闽D0TL89,正北(0),"118.088992,24.460932",2207713.0,斗西 牙周病一科
43989,2023-09-26 09:54:58,0 km/h,2483.49 km,30秒 / 30秒,在线 / 停车 / ACC开,"福建省厦门市思明区开元街道;百家村路58号;中山公园实验小学社区,百家阁,闽侨大厦(中兴路)",闽D0TL89,正北(0),"118.088992,24.460932",2207713.0,斗西 牙周病一科
44055,2023-09-26 10:01:00,0 km/h,2484.42 km,0秒 / 0秒,在线 / 停车 / ACC开,"福建省厦门市思明区开元街道;文园路72;将军祠(地铁站),将军祠社区,宝成花园",闽D0TL89,正北(0),"118.094701,24.463246",712239.0,厦门市思明区厦禾路668号第十三层
44792,2023-09-26 15:30:34,0 km/h,2534.69 km,0秒 / 3分31秒,在线 / 停车 / ACC开,"福建省厦门市湖里区湖里街道湖里大道37号;湖里大道,华泰路-湖里大道交叉路口;厦门医学院教学基地,中共厦门湖里天伦医院支部,厦门湖里天伦医院-内科",闽D0TL89,正北(0),"118.09904,24.51436",39813.0,湖里区湖里街道华昌路134号客家大厦第2层201-206单元
44793,2023-09-26 15:31:05,0 km/h,2534.69 km,31秒 / 3分31秒,在线 / 停车 / ACC开,"福建省厦门市湖里区湖里街道湖里大道37号;湖里大道,华泰路-湖里大道交叉路口;厦门医学院教学基地,中共厦门湖里天伦医院支部,厦门湖里天伦医院-内科",闽D0TL89,正北(0),"118.09904,24.51436",39813.0,湖里区湖里街道华昌路134号客家大厦第2层201-206单元
44794,2023-09-26 15:31:35,0 km/h,2534.69 km,1分1秒 / 3分31秒,在线 / 停车 / ACC开,"福建省厦门市湖里区湖里街道湖里大道37号;湖里大道,华泰路-湖里大道交叉路口;厦门医学院教学基地,中共厦门湖里天伦医院支部,厦门湖里天伦医院-内科",闽D0TL89,正北(0),"118.09904,24.51436",39813.0,湖里区湖里街道华昌路134号客家大厦第2层201-206单元
44795,2023-09-26 15:32:05,0 km/h,2534.69 km,1分31秒 / 3分31秒,在线 / 停车 / ACC开,"福建省厦门市湖里区湖里街道湖里大道37号;湖里大道,华泰路-湖里大道交叉路口;厦门医学院教学基地,中共厦门湖里天伦医院支部,厦门湖里天伦医院-内科",闽D0TL89,正北(0),"118.09904,24.51436",39813.0,湖里区湖里街道华昌路134号客家大厦第2层201-206单元
44796,2023-09-26 15:32:35,0 km/h,2534.69 km,2分1秒 / 3分31秒,在线 / 停车 / ACC开,"福建省厦门市湖里区湖里街道湖里大道37号;湖里大道,华泰路-湖里大道交叉路口;厦门医学院教学基地,中共厦门湖里天伦医院支部,厦门湖里天伦医院-内科",闽D0TL89,正北(0),"118.09904,24.51436",39813.0,湖里区湖里街道华昌路134号客家大厦第2层201-206单元
44797,2023-09-26 15:33:05,0 km/h,2534.69 km,2分31秒 / 3分31秒,在线 / 停车 / ACC开,"福建省厦门市湖里区湖里街道湖里大道37号;湖里大道,华泰路-湖里大道交叉路口;厦门医学院教学基地,中共厦门湖里天伦医院支部,厦门湖里天伦医院-内科",闽D0TL89,正北(0),"118.09904,24.51436",39813.0,湖里区湖里街道华昌路134号客家大厦第2层201-206单元
44798,2023-09-26 15:33:35,0 km/h,2534.69 km,3分1秒 / 3分31秒,在线 / 停车 / ACC开,"福建省厦门市湖里区湖里街道湖里大道37号;湖里大道,华泰路-湖里大道交叉路口;厦门医学院教学基地,中共厦门湖里天伦医院支部,厦门湖里天伦医院-内科",闽D0TL89,正北(0),"118.09904,24.51436",39813.0,湖里区湖里街道华昌路134号客家大厦第2层201-206单元
44799,2023-09-26 15:34:05,0 km/h,2534.69 km,3分31秒 / 3分31秒,在线 / 停车 / ACC开,"福建省厦门市湖里区湖里街道湖里大道37号;湖里大道,华泰路-湖里大道交叉路口;厦门医学院教学基地,中共厦门湖里天伦医院支部,厦门湖里天伦医院-内科",闽D0TL89,正北(0),"118.09904,24.51436",39813.0,湖里区湖里街道华昌路134号客家大厦第2层201-206单元
44970,2023-09-26 16:04:38,0 km/h,2538.8 km,0秒 / 29秒,在线 / 停车 / ACC开,"福建省厦门市湖里区湖里街道兴隆路158号;兴隆路,华泰路-兴隆路交叉路口;灿坤文创园,海西工业设计中心,老友利中式快餐(华泰路店)",闽D0TL89,正北(0),"118.100245,24.511348",53312.0,厦门市湖里区湖里大道28号第三层西3F单元
44971,2023-09-26 16:05:07,0 km/h,2538.8 km,29秒 / 29秒,在线 / 停车 / ACC开,"福建省厦门市湖里区湖里街道兴隆路158号;兴隆路,华泰路-兴隆路交叉路口;灿坤文创园,海西工业设计中心,老友利中式快餐(华泰路店)",闽D0TL89,正北(0),"118.100245,24.511348",53312.0,厦门市湖里区湖里大道28号第三层西3F单元
45080,2023-09-26 16:23:37,0 km/h,2542.43 km,0秒 / 30秒,在线 / 停车 / ACC开,"福建省厦门市湖里区湖里街道;南山路127号;厦门市仙岳医院(北区),南山公寓小区,特房南泰苑",闽D0TL89,正北(0),"118.101804,24.504688",3709.0,"福建厦门华泰路3号B幢 2楼
"
45081,2023-09-26 16:24:07,0 km/h,2542.43 km,30秒 / 30秒,在线 / 停车 / ACC开,"福建省厦门市湖里区湖里街道;南山路127号;厦门市仙岳医院(北区),南山公寓小区,特房南泰苑",闽D0TL89,正北(0),"118.101804,24.504688",3709.0,"福建厦门华泰路3号B幢 2楼
"
46960,2023-09-27 14:43:09,0 km/h,2703.53 km,0秒 / 0秒,在线 / 停车 / ACC开,"福建省厦门市集美区灌口镇;G319(安仁大道);兴永嵩超市,联杰公寓,安仁里小区",闽D0TL89,正北(0),"117.999191,24.603576",1081.0,集美灌口
47137,2023-09-27 15:13:09,0 km/h,2722.48 km,0秒 / 1分30秒,在线 / 停车 / ACC开,"福建省厦门市湖里区殿前街道嘉禾路657号;马浦路,悦华路-马浦路交叉路口;厦门市24小时自助图书馆(晶裕酒店南),时盟全时酒店(厦门马垅晶裕店),马垅文化广场",闽D0TL89,正北(0),"118.111153,24.516533",1235427.0,湖里区湖里街道嘉园路49-D01、47-104、49-203室
47138,2023-09-27 15:13:39,0 km/h,2722.48 km,30秒 / 1分30秒,在线 / 停车 / ACC开,"福建省厦门市湖里区殿前街道嘉禾路657号;马浦路,悦华路-马浦路交叉路口;厦门市24小时自助图书馆(晶裕酒店南),时盟全时酒店(厦门马垅晶裕店),马垅文化广场",闽D0TL89,正北(0),"118.111153,24.516533",1235427.0,湖里区湖里街道嘉园路49-D01、47-104、49-203室
47139,2023-09-27 15:14:09,0 km/h,2722.48 km,1分 / 1分30秒,在线 / 停车 / ACC开,"福建省厦门市湖里区殿前街道嘉禾路657号;马浦路,悦华路-马浦路交叉路口;厦门市24小时自助图书馆(晶裕酒店南),时盟全时酒店(厦门马垅晶裕店),马垅文化广场",闽D0TL89,正北(0),"118.111153,24.516533",1235427.0,湖里区湖里街道嘉园路49-D01、47-104、49-203室
47140,2023-09-27 15:14:39,0 km/h,2722.48 km,1分30秒 / 1分30秒,在线 / 停车 / ACC开,"福建省厦门市湖里区殿前街道嘉禾路657号;马浦路,悦华路-马浦路交叉路口;厦门市24小时自助图书馆(晶裕酒店南),时盟全时酒店(厦门马垅晶裕店),马垅文化广场",闽D0TL89,正北(0),"118.111153,24.516533",1235427.0,湖里区湖里街道嘉园路49-D01、47-104、49-203室
47154,2023-09-27 15:16:09,0 km/h,2722.68 km,0秒 / 0秒,在线 / 停车 / ACC开,"福建省厦门市湖里区湖里街道;悦华路217号;恒盛工业大厦,龙腾花园,万稷优创中心",闽D0TL89,正北(0),"118.111951,24.517531",34535.0,湖里区湖里街道嘉园路79号之三之2、103、201、202、203、206、207、208室，81号104、204、209室
47156,2023-09-27 15:16:39,0 km/h,2722.69 km,0秒 / 2分,在线 / 停车 / ACC开,"福建省厦门市湖里区湖里街道;悦华路217号;恒盛工业大厦,龙腾花园,万稷优创中心",闽D0TL89,正北(0),"118.111946,24.517558",34535.0,湖里区湖里街道嘉园路79号之三之2、103、201、202、203、206、207、208室，81号104、204、209室
47157,2023-09-27 15:17:09,0 km/h,2722.69 km,30秒 / 2分,在线 / 停车 / ACC开,"福建省厦门市湖里区湖里街道;悦华路217号;恒盛工业大厦,龙腾花园,万稷优创中心",闽D0TL89,正北(0),"118.111946,24.517558",34535.0,湖里区湖里街道嘉园路79号之三之2、103、201、202、203、206、207、208室，81号104、204、209室
47158,2023-09-27 15:17:39,0 km/h,2722.69 km,1分 / 2分,在线 / 停车 / ACC开,"福建省厦门市湖里区湖里街道;悦华路217号;恒盛工业大厦,龙腾花园,万稷优创中心",闽D0TL89,正北(0),"118.111946,24.517558",34535.0,湖里区湖里街道嘉园路79号之三之2、103、201、202、203、206、207、208室，81号104、204、209室
47159,2023-09-27 15:18:09,0 km/h,2722.69 km,1分30秒 / 2分,在线 / 停车 / ACC开,"福建省厦门市湖里区湖里街道;悦华路217号;恒盛工业大厦,龙腾花园,万稷优创中心",闽D0TL89,正北(0),"118.111946,24.517558",34535.0,湖里区湖里街道嘉园路79号之三之2、103、201、202、203、206、207、208室，81号104、204、209室
47160,2023-09-27 15:18:39,0 km/h,2722.69 km,2分 / 2分,在线 / 停车 / ACC开,"福建省厦门市湖里区湖里街道;悦华路217号;恒盛工业大厦,龙腾花园,万稷优创中心",闽D0TL89,正北(0),"118.111946,24.517558",34535.0,湖里区湖里街道嘉园路79号之三之2、103、201、202、203、206、207、208室，81号104、204、209室
47200,2023-09-27 15:27:39,0 km/h,2724.6 km,0秒 / 1分,在线 / 停车 / ACC开,"福建省厦门市湖里区湖里街道;悦华路;川二代.原汁.烧烤(华昌店),鑫聚点儿美食,吃饱不想家东北烤肉",闽D0TL89,正北(0),"118.099036,24.514285",39813.0,湖里区湖里街道华昌路134号客家大厦第2层201-206单元
47201,2023-09-27 15:28:09,0 km/h,2724.6 km,30秒 / 1分,在线 / 停车 / ACC开,"福建省厦门市湖里区湖里街道;悦华路;川二代.原汁.烧烤(华昌店),鑫聚点儿美食,吃饱不想家东北烤肉",闽D0TL89,正北(0),"118.099036,24.514285",39813.0,湖里区湖里街道华昌路134号客家大厦第2层201-206单元
47202,2023-09-27 15:28:39,0 km/h,2724.6 km,1分 / 1分,在线 / 停车 / ACC开,"福建省厦门市湖里区湖里街道;悦华路;川二代.原汁.烧烤(华昌店),鑫聚点儿美食,吃饱不想家东北烤肉",闽D0TL89,正北(0),"118.099036,24.514285",39813.0,湖里区湖里街道华昌路134号客家大厦第2层201-206单元
47633,2023-09-27 17:01:01,0 km/h,2734.41 km,0秒 / 0秒,在线 / 停车 / ACC开,"福建省厦门市湖里区湖里街道;南山路51号;南山华府,万山小区,厦门市湖里中心小学",闽D0TL89,正北(0),"118.098531,24.504816",1817.0,福州厦门湖里海天路55号
48545,2023-09-28 08:51:59,0 km/h,2798.17 km,0秒 / 0秒,在线 / 停车 / ACC开,福建省厦门市思明区;湖滨西路;九牧,闽D0TL89,正北(0),"118.073949,24.466305",2246653.0,福建省厦门思明鹭江道99号
48572,2023-09-28 08:55:59,0 km/h,2798.51 km,0秒 / 0秒,在线 / 停车 / ACC开,"福建省厦门市思明区鹭江街道;小学路,小学路-湖滨西路交叉路口;银行中心宾楼,银行中心,汇丰银行中国(厦门分行)",闽D0TL89,正北(0),"118.073794,24.463437",582.0,思明区鹭江道267号
48582,2023-09-28 08:58:53,0 km/h,2798.54 km,2分24秒 / 2分24秒,在线 / 停车 / ACC开,"福建省厦门市思明区鹭江街道;小学路19-2号;银行中心,银行中心宾楼,大同学府",闽D0TL89,正北(0),"118.07363,24.463207",582.0,思明区鹭江道267号
48674,2023-09-28 09:12:59,0 km/h,2800.89 km,0秒 / 1分,在线 / 停车 / ACC开,"福建省厦门市思明区鹭江街道;厦禾路259号;厦门新开元医院,苏宁易购(源昌国际店),雅加达",闽D0TL89,正北(0),"118.075998,24.462939",1782995.0,厦门市思明区禾祥西二路81号
48675,2023-09-28 09:13:29,0 km/h,2800.89 km,30秒 / 1分,在线 / 停车 / ACC开,"福建省厦门市思明区鹭江街道;厦禾路259号;厦门新开元医院,苏宁易购(源昌国际店),雅加达",闽D0TL89,正北(0),"118.075998,24.462939",1782995.0,厦门市思明区禾祥西二路81号
48676,2023-09-28 09:13:59,0 km/h,2800.89 km,1分 / 1分,在线 / 停车 / ACC开,"福建省厦门市思明区鹭江街道;厦禾路259号;厦门新开元医院,苏宁易购(源昌国际店),雅加达",闽D0TL89,正北(0),"118.075998,24.462939",1782995.0,厦门市思明区禾祥西二路81号
48810,2023-09-28 09:36:32,0 km/h,2804.35 km,0秒 / 0秒,在线 / 停车 / ACC开,"福建省厦门市思明区开元街道;白鹭洲路;华鸿花园,国东红木家具(华鸿花园),忠之蓝莓",闽D0TL89,正北(0),"118.091367,24.466895",1316432.0,厦门市思明区白鹭洲路199号1201室
48813,2023-09-28 09:37:02,0 km/h,2804.36 km,0秒 / 30秒,在线 / 停车 / ACC开,"福建省厦门市思明区开元街道厦禾路777号102-103;汇文西路,厦禾路-祥滨路交叉路口;张晔口腔,思明区校服专卖(永成大厦店),永成大厦",闽D0TL89,正北(0),"118.091301,24.466875",1316432.0,厦门市思明区白鹭洲路199号1201室
48814,2023-09-28 09:37:32,0 km/h,2804.36 km,30秒 / 30秒,在线 / 停车 / ACC开,"福建省厦门市思明区开元街道厦禾路777号102-103;汇文西路,厦禾路-祥滨路交叉路口;张晔口腔,思明区校服专卖(永成大厦店),永成大厦",闽D0TL89,正北(0),"118.091301,24.466875",1316432.0,厦门市思明区白鹭洲路199号1201室
48902,2023-09-28 09:52:33,0 km/h,2806.54 km,0秒 / 30秒,在线 / 停车 / ACC开,"福建省厦门市思明区开元街道;禾祥西路;翠碧花苑,璐's,北京同仁堂(禾祥西路)",闽D0TL89,正北(0),"118.101444,24.469159",995200.0,厦门市思明区禾祥西路921-101号
48903,2023-09-28 09:53:03,0 km/h,2806.54 km,30秒 / 30秒,在线 / 停车 / ACC开,"福建省厦门市思明区开元街道;禾祥西路;翠碧花苑,璐's,北京同仁堂(禾祥西路)",闽D0TL89,正北(0),"118.101444,24.469159",995200.0,厦门市思明区禾祥西路921-101号
48916,2023-09-28 09:54:33,0 km/h,2806.85 km,0秒 / 0秒,在线 / 停车 / ACC开,"福建省厦门市思明区梧村街道后埭溪路86号;后埭溪路,后埭溪路-文灶街交叉路口;梁山烤肉(嘉禾良库文创园店),仓里小陆烤鱼,求实楼",闽D0TL89,正北(0),"118.103392,24.467749",58391.0,湖滨中路9号交通银行大厦
49669,2023-09-28 15:06:43,0 km/h,2884.2 km,0秒 / 7分2秒,在线 / 停车 / ACC开,"福建省厦门市翔安区马巷镇;民安路101号;厦门市第五医院,翔安区舫山小学,芦荟家园(翔安区马巷街体验店)",闽D0TL89,正北(0),"118.24375,24.662602",1623916.0,厦门市翔安区马巷镇印斗山南路26、28号
49670,2023-09-28 15:07:13,0 km/h,2884.2 km,30秒 / 7分2秒,在线 / 停车 / ACC开,"福建省厦门市翔安区马巷镇;民安路101号;厦门市第五医院,翔安区舫山小学,芦荟家园(翔安区马巷街体验店)",闽D0TL89,正北(0),"118.24375,24.662602",1623916.0,厦门市翔安区马巷镇印斗山南路26、28号
49671,2023-09-28 15:07:43,0 km/h,2884.2 km,1分 / 7分2秒,在线 / 停车 / ACC开,"福建省厦门市翔安区马巷镇;民安路101号;厦门市第五医院,翔安区舫山小学,芦荟家园(翔安区马巷街体验店)",闽D0TL89,正北(0),"118.24375,24.662602",1623916.0,厦门市翔安区马巷镇印斗山南路26、28号
49672,2023-09-28 15:08:14,0 km/h,2884.2 km,1分31秒 / 7分2秒,在线 / 停车 / ACC开,"福建省厦门市翔安区马巷镇;民安路101号;厦门市第五医院,翔安区舫山小学,芦荟家园(翔安区马巷街体验店)",闽D0TL89,正北(0),"118.24375,24.662602",1623916.0,厦门市翔安区马巷镇印斗山南路26、28号
49673,2023-09-28 15:08:44,0 km/h,2884.2 km,2分1秒 / 7分2秒,在线 / 停车 / ACC开,"福建省厦门市翔安区马巷镇;民安路101号;厦门市第五医院,翔安区舫山小学,芦荟家园(翔安区马巷街体验店)",闽D0TL89,正北(0),"118.24375,24.662602",1623916.0,厦门市翔安区马巷镇印斗山南路26、28号
49674,2023-09-28 15:09:13,0 km/h,2884.2 km,2分30秒 / 7分2秒,在线 / 停车 / ACC开,"福建省厦门市翔安区马巷镇;民安路101号;厦门市第五医院,翔安区舫山小学,芦荟家园(翔安区马巷街体验店)",闽D0TL89,正北(0),"118.24375,24.662602",1623916.0,厦门市翔安区马巷镇印斗山南路26、28号
49675,2023-09-28 15:09:44,0 km/h,2884.2 km,3分1秒 / 7分2秒,在线 / 停车 / ACC开,"福建省厦门市翔安区马巷镇;民安路101号;厦门市第五医院,翔安区舫山小学,芦荟家园(翔安区马巷街体验店)",闽D0TL89,正北(0),"118.24375,24.662602",1623916.0,厦门市翔安区马巷镇印斗山南路26、28号
49676,2023-09-28 15:10:14,0 km/h,2884.2 km,3分31秒 / 7分2秒,在线 / 停车 / ACC开,"福建省厦门市翔安区马巷镇;民安路101号;厦门市第五医院,翔安区舫山小学,芦荟家园(翔安区马巷街体验店)",闽D0TL89,正北(0),"118.24375,24.662602",1623916.0,厦门市翔安区马巷镇印斗山南路26、28号
49677,2023-09-28 15:10:44,0 km/h,2884.2 km,4分1秒 / 7分2秒,在线 / 停车 / ACC开,"福建省厦门市翔安区马巷镇;民安路101号;厦门市第五医院,翔安区舫山小学,芦荟家园(翔安区马巷街体验店)",闽D0TL89,正北(0),"118.24375,24.662602",1623916.0,厦门市翔安区马巷镇印斗山南路26、28号
49678,2023-09-28 15:11:14,0 km/h,2884.2 km,4分31秒 / 7分2秒,在线 / 停车 / ACC开,"福建省厦门市翔安区马巷镇;民安路101号;厦门市第五医院,翔安区舫山小学,芦荟家园(翔安区马巷街体验店)",闽D0TL89,正北(0),"118.24375,24.662602",1623916.0,厦门市翔安区马巷镇印斗山南路26、28号
49681,2023-09-28 15:13:45,0 km/h,2884.2 km,7分2秒 / 7分2秒,在线 / 停车 / ACC开,"福建省厦门市翔安区马巷镇;民安路101号;厦门市第五医院,翔安区舫山小学,芦荟家园(翔安区马巷街体验店)",闽D0TL89,正北(0),"118.243743,24.662608",1623916.0,厦门市翔安区马巷镇印斗山南路26、28号
51610,2023-09-01 08:58:05,0 km/h,27.35 km,0秒 / 0秒,在线 / 停车 / ACC开,"福建省厦门市思明区中华街道;石泉路9号-之1;厦门市地震局,鸿山公园,厦门大学附属第一医院",闽D1YX58,正北(0),"118.082634,24.451551",1029422.0,厦门市思明区镇海路12号之八12-8-101单元
51989,2023-09-01 14:23:30,0 km/h,81.24 km,0秒 / 0秒,在线 / 停车 / ACC开,"福建省厦门市思明区开元街道;汇文西路,厦禾路-白鹭洲路交叉路口;银聚祥邸,皇家御城,团结大厦(汇文西路)",闽D1YX58,正北(0),"118.087614,24.466566",2237046.0,厦门市思明区湖滨南路44-3号第一层商场
52231,2023-09-01 16:04:05,0 km/h,86.84 km,0秒 / 1分30秒,在线 / 停车 / ACC开,"福建省厦门市思明区开元街道;深田路11;厦门宾馆(厦禾路店),百家村花园,国贸凤凰园",闽D1YX58,正北(0),"118.088259,24.460147",31592.0,斗西路2号  消毒中心
52232,2023-09-01 16:04:35,0 km/h,86.84 km,30秒 / 1分30秒,在线 / 停车 / ACC开,"福建省厦门市思明区开元街道;深田路11;厦门宾馆(厦禾路店),百家村花园,国贸凤凰园",闽D1YX58,正北(0),"118.088259,24.460147",31592.0,斗西路2号  消毒中心
52233,2023-09-01 16:05:05,0 km/h,86.84 km,1分 / 1分30秒,在线 / 停车 / ACC开,"福建省厦门市思明区开元街道;深田路11;厦门宾馆(厦禾路店),百家村花园,国贸凤凰园",闽D1YX58,正北(0),"118.088259,24.460147",31592.0,斗西路2号  消毒中心
52234,2023-09-01 16:05:35,0 km/h,86.84 km,1分30秒 / 1分30秒,在线 / 停车 / ACC开,"福建省厦门市思明区开元街道;深田路11;厦门宾馆(厦禾路店),百家村花园,国贸凤凰园",闽D1YX58,正北(0),"118.088259,24.460147",31592.0,斗西路2号  消毒中心
52749,2023-09-04 09:06:57,0 km/h,139.67 km,0秒 / 0秒,在线 / 停车 / ACC开,"福建省厦门市思明区中华街道思明南路132号;思明南路,养元宫巷-仁安巷交叉路口;茶百道(中山路店),麦当劳(厦门思明中华城餐厅),堂宴·老厦门私房菜(中山路店)",闽D1YX58,正北(0),"118.076454,24.455692",1216954.0,厦门市思明区大同路76号一、二层
52802,2023-09-04 10:21:25,0 km/h,140.42 km,0秒 / 2分,在线 / 停车 / ACC开,"福建省厦门市思明区中华街道;镇海路,镇海路-同文路交叉路口;厦门市妇幼保健院,厦门市妇幼保健院-中医男科,厦门市妇幼保健院-肠道门诊",闽D1YX58,正北(0),"118.076196,24.453001",51383.0,厦门市思明区水仙路33号海光大厦26楼B单元
52803,2023-09-04 10:21:55,0 km/h,140.42 km,30秒 / 2分,在线 / 停车 / ACC开,"福建省厦门市思明区中华街道;镇海路,镇海路-同文路交叉路口;厦门市妇幼保健院,厦门市妇幼保健院-中医男科,厦门市妇幼保健院-肠道门诊",闽D1YX58,正北(0),"118.076196,24.453001",51383.0,厦门市思明区水仙路33号海光大厦26楼B单元
52804,2023-09-04 10:22:25,0 km/h,140.42 km,1分 / 2分,在线 / 停车 / ACC开,"福建省厦门市思明区中华街道;镇海路,镇海路-同文路交叉路口;厦门市妇幼保健院,厦门市妇幼保健院-中医男科,厦门市妇幼保健院-肠道门诊",闽D1YX58,正北(0),"118.076196,24.453001",51383.0,厦门市思明区水仙路33号海光大厦26楼B单元
52805,2023-09-04 10:22:55,0 km/h,140.42 km,1分30秒 / 2分,在线 / 停车 / ACC开,"福建省厦门市思明区中华街道;镇海路,镇海路-同文路交叉路口;厦门市妇幼保健院,厦门市妇幼保健院-中医男科,厦门市妇幼保健院-肠道门诊",闽D1YX58,正北(0),"118.076196,24.453001",51383.0,厦门市思明区水仙路33号海光大厦26楼B单元
52806,2023-09-04 10:23:25,0 km/h,140.42 km,2分 / 2分,在线 / 停车 / ACC开,"福建省厦门市思明区中华街道;镇海路,镇海路-同文路交叉路口;厦门市妇幼保健院,厦门市妇幼保健院-中医男科,厦门市妇幼保健院-肠道门诊",闽D1YX58,正北(0),"118.076196,24.453001",51383.0,厦门市思明区水仙路33号海光大厦26楼B单元
53347,2023-09-04 16:04:57,0 km/h,200.95 km,0秒 / 30秒,在线 / 停车 / ACC开,"福建省厦门市思明区;文园路55号;4-文瀚阁,嘉悦萌婴幼学苑,文园雅阁",闽D1YX58,正北(0),"118.098027,24.466177",1076327.0,厦门市思明区后滨路35-37号1A-1单元(一层)、1A、2A单元(二层)
53348,2023-09-04 16:05:27,0 km/h,200.95 km,30秒 / 30秒,在线 / 停车 / ACC开,"福建省厦门市思明区;文园路55号;4-文瀚阁,嘉悦萌婴幼学苑,文园雅阁",闽D1YX58,正北(0),"118.098027,24.466177",1076327.0,厦门市思明区后滨路35-37号1A-1单元(一层)、1A、2A单元(二层)
53466,2023-09-04 16:19:59,0 km/h,206.74 km,0秒 / 0秒,在线 / 停车 / ACC开,"福建省厦门市思明区嘉莲街道龙山西路18号;成功大道,龙山西路-龙翔路交叉路口;大舞台,鑫裕龙家具经营部(龙翔花园店),草原印象牛羊肉系列(厦门店)",闽D1YX58,正北(0),"118.131569,24.491625",1661.0,厦门思明区吕岭路86号、88号(一层及夹层）
54008,2023-09-05 09:53:52,0 km/h,260.49 km,0秒 / 1分,在线 / 停车 / ACC开,"福建省厦门市思明区梧村街道万寿路103号;万寿路,文屏路-万寿路交叉路口;文园公寓一期,文园公寓,玉馨实木家具(文园公寓一期店)",闽D1YX58,正北(0),"118.103568,24.46175",12820.0,厦门市思明区天虹商场二楼
54009,2023-09-05 09:54:22,0 km/h,260.49 km,30秒 / 1分,在线 / 停车 / ACC开,"福建省厦门市思明区梧村街道万寿路103号;万寿路,文屏路-万寿路交叉路口;文园公寓一期,文园公寓,玉馨实木家具(文园公寓一期店)",闽D1YX58,正北(0),"118.103568,24.46175",12820.0,厦门市思明区天虹商场二楼
54010,2023-09-05 09:54:52,0 km/h,260.49 km,1分 / 1分,在线 / 停车 / ACC开,"福建省厦门市思明区梧村街道万寿路103号;万寿路,文屏路-万寿路交叉路口;文园公寓一期,文园公寓,玉馨实木家具(文园公寓一期店)",闽D1YX58,正北(0),"118.103568,24.46175",12820.0,厦门市思明区天虹商场二楼
54409,2023-09-05 14:32:20,0 km/h,314.9 km,0秒 / 0秒,在线 / 停车 / ACC开,"福建省厦门市思明区开元街道;自强路1号;中国人民解放军第一七四医院,厦门大学附属成功医院,闽侨大厦(中兴路)",闽D1YX58,正北(0),"118.090147,24.461701",2049.0,"厦门市溪岸路174号
"
54411,2023-09-05 14:32:50,0 km/h,314.91 km,0秒 / 0秒,在线 / 停车 / ACC开,"福建省厦门市思明区开元街道;自强路1号;中国人民解放军第一七四医院,厦门大学附属成功医院,闽侨大厦(中兴路)",闽D1YX58,正北(0),"118.090054,24.461716",2049.0,"厦门市溪岸路174号
"
54422,2023-09-05 15:05:41,0 km/h,315.02 km,0秒 / 0秒,在线 / 停车 / ACC开,"福建省厦门市思明区开元街道;文园路92-～96;中国人民解放军第一七四医院,厦门大学附属成功医院,闽侨大厦(中兴路)",闽D1YX58,正北(0),"118.090057,24.461327",2049.0,"厦门市溪岸路174号
"
54424,2023-09-05 15:06:39,0 km/h,315.04 km,0秒 / 0秒,在线 / 停车 / ACC开,"福建省厦门市思明区开元街道;文园路92-～96;中国人民解放军第一七四医院,闽侨大厦(中兴路),中山公园实验小学社区",闽D1YX58,正北(0),"118.090085,24.461066",2049.0,"厦门市溪岸路174号
"
54445,2023-09-05 15:08:39,0 km/h,315.65 km,0秒 / 0秒,在线 / 停车 / ACC开,"福建省厦门市思明区开元街道;文园路71号;将军祠(地铁站),将军祠社区,宝成花园",闽D1YX58,正北(0),"118.095008,24.463276",712239.0,厦门市思明区厦禾路668号第十三层
54470,2023-09-05 15:20:23,0 km/h,316.53 km,0秒 / 30秒,在线 / 停车 / ACC开,"福建省厦门市思明区梧村街道;厦禾路800号101号;文灶地铁站1口,BRT文灶公交站,帝豪大厦",闽D1YX58,正北(0),"118.098638,24.468613",292806.0,厦门市思明区禾祥西路777号A室一层之二，二层之二
54471,2023-09-05 15:20:53,0 km/h,316.53 km,30秒 / 30秒,在线 / 停车 / ACC开,"福建省厦门市思明区梧村街道;厦禾路800号101号;文灶地铁站1口,BRT文灶公交站,帝豪大厦",闽D1YX58,正北(0),"118.098638,24.468613",292806.0,厦门市思明区禾祥西路777号A室一层之二，二层之二
54596,2023-09-05 15:44:22,0 km/h,341.78 km,0秒 / 30秒,在线 / 停车 / ACC开,"福建省厦门市集美区灌口镇;集美北大道788号-之18区;江淮轻卡,厦门迅闽车辆销售服务有限公司,爱觉管家式长租公寓",闽D1YX58,正北(0),"118.003232,24.598806",2242363.0,1.除医疗用毒性药品（中药饮片）外委托鹭燕医药股份有限公司【仓库地址：厦门市集美区灌南工业区安仁大道1599号（4号仓库）三层西侧、6#（鹭燕厦门现代医药仓储中心）自动化高架物流仓库及1-4层平层仓库】储存、配送
54597,2023-09-05 15:44:52,0 km/h,341.78 km,30秒 / 30秒,在线 / 停车 / ACC开,"福建省厦门市集美区灌口镇;集美北大道788号-之18区;江淮轻卡,厦门迅闽车辆销售服务有限公司,爱觉管家式长租公寓",闽D1YX58,正北(0),"118.003232,24.598806",2242363.0,1.除医疗用毒性药品（中药饮片）外委托鹭燕医药股份有限公司【仓库地址：厦门市集美区灌南工业区安仁大道1599号（4号仓库）三层西侧、6#（鹭燕厦门现代医药仓储中心）自动化高架物流仓库及1-4层平层仓库】储存、配送
54753,2023-09-06 08:42:16,0 km/h,351.01 km,0秒 / 0秒,在线 / 停车 / ACC开,"福建省厦门市集美区杏林街道;杏滨路2号;华创小区,豪欣公寓,书香公寓",闽D1YX58,正北(0),"118.056367,24.571737",110.0,杏林街道苑亭路15号
56295,2023-09-07 10:06:01,0 km/h,480.8 km,0秒 / 39秒,在线 / 停车 / ACC开,"福建省厦门市思明区开元街道;中兴路6号;厦门大学附属成功医院,4号楼,5号楼",闽D1YX58,正北(0),"118.089547,24.4617",2049.0,"厦门市溪岸路174号
"
56296,2023-09-07 10:06:10,0 km/h,480.8 km,9秒 / 39秒,在线 / 停车 / ACC开,"福建省厦门市思明区开元街道;中兴路6号;厦门大学附属成功医院,4号楼,5号楼",闽D1YX58,正北(0),"118.089547,24.4617",2049.0,"厦门市溪岸路174号
"
56297,2023-09-07 10:06:40,0 km/h,480.8 km,39秒 / 39秒,在线 / 停车 / ACC开,"福建省厦门市思明区开元街道;中兴路6号;厦门大学附属成功医院,4号楼,5号楼",闽D1YX58,正北(0),"118.089547,24.4617",2049.0,"厦门市溪岸路174号
"
57019,2023-09-08 08:05:35,0 km/h,566.62 km,0秒 / 2分33秒,在线 / 停车 / ACC开,"福建省厦门市集美区灌口镇;G319(安仁大道);兴永嵩超市,联杰公寓,安仁里小区",闽D1YX58,正北(0),"117.999053,24.603736",1081.0,集美灌口
57020,2023-09-08 08:06:05,0 km/h,566.62 km,30秒 / 2分33秒,在线 / 停车 / ACC开,"福建省厦门市集美区灌口镇;G319(安仁大道);兴永嵩超市,联杰公寓,安仁里小区",闽D1YX58,正北(0),"117.999053,24.603736",1081.0,集美灌口
57021,2023-09-08 08:06:35,0 km/h,566.62 km,1分 / 2分33秒,在线 / 停车 / ACC开,"福建省厦门市集美区灌口镇;G319(安仁大道);兴永嵩超市,联杰公寓,安仁里小区",闽D1YX58,正北(0),"117.999053,24.603736",1081.0,集美灌口
57022,2023-09-08 08:07:08,0 km/h,566.62 km,1分33秒 / 2分33秒,在线 / 停车 / ACC开,"福建省厦门市集美区灌口镇;G319(安仁大道);兴永嵩超市,联杰公寓,安仁里小区",闽D1YX58,正北(0),"117.999053,24.603736",1081.0,集美灌口
57023,2023-09-08 08:07:38,0 km/h,566.62 km,2分3秒 / 2分33秒,在线 / 停车 / ACC开,"福建省厦门市集美区灌口镇;G319(安仁大道);兴永嵩超市,联杰公寓,安仁里小区",闽D1YX58,正北(0),"117.999053,24.603736",1081.0,集美灌口
57024,2023-09-08 08:08:08,0 km/h,566.62 km,2分33秒 / 2分33秒,在线 / 停车 / ACC开,"福建省厦门市集美区灌口镇;G319(安仁大道);兴永嵩超市,联杰公寓,安仁里小区",闽D1YX58,正北(0),"117.999053,24.603736",1081.0,集美灌口
57332,2023-09-08 09:30:22,0 km/h,600.36 km,0秒 / 0秒,在线 / 停车 / ACC开,"福建省厦门市集美区灌口镇;杏前路;集美区食品餐饮行业自律协会,JAC江淮汽车,厦门沁坤供应链有限公司",闽D1YX58,正北(0),"118.00318,24.598774",2242363.0,1.除医疗用毒性药品（中药饮片）外委托鹭燕医药股份有限公司【仓库地址：厦门市集美区灌南工业区安仁大道1599号（4号仓库）三层西侧、6#（鹭燕厦门现代医药仓储中心）自动化高架物流仓库及1-4层平层仓库】储存、配送
57685,2023-09-08 15:27:52,0 km/h,631.82 km,0秒 / 0秒,在线 / 停车 / ACC开,"福建省厦门市思明区开元街道文园路75-93号;文园路,万寿路-将军祠路交叉路口;意中对面,将军祠地铁站2号口,将军祠地铁站1号口",闽D1YX58,正北(0),"118.09458,24.463026",712239.0,厦门市思明区厦禾路668号第十三层
57738,2023-09-08 15:32:22,0 km/h,633.21 km,0秒 / 0秒,在线 / 停车 / ACC开,"福建省厦门市思明区;厦禾路848号;思明区图书馆,金榜公园,厦门市第九中学(后埭溪路)",闽D1YX58,正北(0),"118.103227,24.467882",58391.0,湖滨中路9号交通银行大厦
58317,2023-09-11 10:43:48,0 km/h,715.42 km,0秒 / 1分,在线 / 停车 / ACC开,"福建省厦门市集美区灌口镇;集美北大道788号-之18区;江淮轻卡,厦门迅闽车辆销售服务有限公司,爱觉管家式长租公寓",闽D1YX58,正北(0),"118.003055,24.598925",2242363.0,1.除医疗用毒性药品（中药饮片）外委托鹭燕医药股份有限公司【仓库地址：厦门市集美区灌南工业区安仁大道1599号（4号仓库）三层西侧、6#（鹭燕厦门现代医药仓储中心）自动化高架物流仓库及1-4层平层仓库】储存、配送
58318,2023-09-11 10:44:18,0 km/h,715.42 km,30秒 / 1分,在线 / 停车 / ACC开,"福建省厦门市集美区灌口镇;集美北大道788号-之18区;江淮轻卡,厦门迅闽车辆销售服务有限公司,爱觉管家式长租公寓",闽D1YX58,正北(0),"118.003055,24.598925",2242363.0,1.除医疗用毒性药品（中药饮片）外委托鹭燕医药股份有限公司【仓库地址：厦门市集美区灌南工业区安仁大道1599号（4号仓库）三层西侧、6#（鹭燕厦门现代医药仓储中心）自动化高架物流仓库及1-4层平层仓库】储存、配送
58319,2023-09-11 10:44:48,0 km/h,715.42 km,1分 / 1分,在线 / 停车 / ACC开,"福建省厦门市集美区灌口镇;集美北大道788号-之18区;江淮轻卡,厦门迅闽车辆销售服务有限公司,爱觉管家式长租公寓",闽D1YX58,正北(0),"118.003055,24.598925",2242363.0,1.除医疗用毒性药品（中药饮片）外委托鹭燕医药股份有限公司【仓库地址：厦门市集美区灌南工业区安仁大道1599号（4号仓库）三层西侧、6#（鹭燕厦门现代医药仓储中心）自动化高架物流仓库及1-4层平层仓库】储存、配送
58770,2023-09-11 16:18:55,0 km/h,747.1 km,0秒 / 0秒,在线 / 停车 / ACC开,"福建省厦门市思明区开元街道;文园路92-～96;中国人民解放军第一七四医院,闽侨大厦(中兴路),中山公园实验小学社区",闽D1YX58,正北(0),"118.090009,24.461157",2049.0,"厦门市溪岸路174号
"
58772,2023-09-11 16:19:25,0 km/h,747.11 km,0秒 / 1分,在线 / 停车 / ACC开,"福建省厦门市思明区开元街道;文园路92-～96;闽侨宾馆,中国人民解放军第一七四医院,闽侨大厦(中兴路)",闽D1YX58,正北(0),"118.089927,24.461158",2049.0,"厦门市溪岸路174号
"
58773,2023-09-11 16:19:55,0 km/h,747.11 km,30秒 / 1分,在线 / 停车 / ACC开,"福建省厦门市思明区开元街道;文园路92-～96;闽侨宾馆,中国人民解放军第一七四医院,闽侨大厦(中兴路)",闽D1YX58,正北(0),"118.089927,24.461158",2049.0,"厦门市溪岸路174号
"
58774,2023-09-11 16:20:25,0 km/h,747.11 km,1分 / 1分,在线 / 停车 / ACC开,"福建省厦门市思明区开元街道;文园路92-～96;闽侨宾馆,中国人民解放军第一七四医院,闽侨大厦(中兴路)",闽D1YX58,正北(0),"118.089927,24.461158",2049.0,"厦门市溪岸路174号
"
58804,2023-09-11 16:22:25,0 km/h,747.8 km,0秒 / 0秒,在线 / 停车 / ACC开,"福建省厦门市思明区开元街道;文园路71号;将军祠(地铁站),将军祠社区,宝成花园",闽D1YX58,正北(0),"118.095012,24.463265",712239.0,厦门市思明区厦禾路668号第十三层
58814,2023-09-11 16:23:55,0 km/h,748.25 km,0秒 / 0秒,在线 / 停车 / ACC开,"福建省厦门市思明区;文园路55号;4-文瀚阁,嘉悦萌婴幼学苑,文园雅阁",闽D1YX58,正北(0),"118.097968,24.466212",1076327.0,厦门市思明区后滨路35-37号1A-1单元(一层)、1A、2A单元(二层)
59189,2023-09-12 08:57:07,0 km/h,800.17 km,0秒 / 0秒,在线 / 停车 / ACC开,"福建省厦门市思明区开元街道厦禾路111号;汇文西路,厦禾路-白鹭洲路交叉路口;瑞思少儿中心(二市校区),中信银行(厦门白鹭支行),平安银行(厦门思明支行)",闽D1YX58,正北(0),"118.0877,24.466515",2237046.0,厦门市思明区湖滨南路44-3号第一层商场
59201,2023-09-12 08:58:36,0 km/h,800.61 km,0秒 / 30秒,在线 / 停车 / ACC开,"福建省厦门市思明区开元街道;公园东路82号;厦门市第一幼儿园,中山公园-动物园,夏商(新民)农产品市场",闽D1YX58,正北(0),"118.087385,24.462813",1095.0,*美仁路242号
59202,2023-09-12 08:59:06,0 km/h,800.61 km,30秒 / 30秒,在线 / 停车 / ACC开,"福建省厦门市思明区开元街道;公园东路82号;厦门市第一幼儿园,中山公园-动物园,夏商(新民)农产品市场",闽D1YX58,正北(0),"118.087385,24.462813",1095.0,*美仁路242号
59277,2023-09-12 09:09:36,0 km/h,801.45 km,0秒 / 0秒,在线 / 停车 / ACC开,"福建省厦门市思明区开元街道;文园路辅路,文园路-文园路辅路交叉路口;厦门大学附属成功医院,闽侨大厦(中兴路),邮电宾馆综合楼",闽D1YX58,正北(0),"118.090211,24.461259",2049.0,"厦门市溪岸路174号
"
59326,2023-09-12 11:05:12,0 km/h,801.8 km,0秒 / 0秒,在线 / 停车 / ACC开,"福建省厦门市思明区;文园路92-～96;中国人民解放军第一七四医院,闽侨大厦(中兴路),百家阁",闽D1YX58,正北(0),"118.090114,24.461002",2049.0,"厦门市溪岸路174号
"
59328,2023-09-12 11:05:42,0 km/h,801.81 km,0秒 / 1分,在线 / 停车 / ACC开,"福建省厦门市思明区开元街道;文园路92-～96;中国人民解放军第一七四医院,闽侨大厦(中兴路),中山公园实验小学社区",闽D1YX58,正北(0),"118.090049,24.461095",2049.0,"厦门市溪岸路174号
"
59329,2023-09-12 11:06:12,0 km/h,801.81 km,30秒 / 1分,在线 / 停车 / ACC开,"福建省厦门市思明区开元街道;文园路92-～96;中国人民解放军第一七四医院,闽侨大厦(中兴路),中山公园实验小学社区",闽D1YX58,正北(0),"118.090049,24.461095",2049.0,"厦门市溪岸路174号
"
59330,2023-09-12 11:06:42,0 km/h,801.81 km,1分 / 1分,在线 / 停车 / ACC开,"福建省厦门市思明区开元街道;文园路92-～96;中国人民解放军第一七四医院,闽侨大厦(中兴路),中山公园实验小学社区",闽D1YX58,正北(0),"118.090049,24.461095",2049.0,"厦门市溪岸路174号
"
59447,2023-09-12 11:32:49,0 km/h,828.51 km,0秒 / 1分30秒,在线 / 停车 / ACC开,"福建省厦门市集美区灌口镇;集美北大道788号-之18区;江淮轻卡,厦门迅闽车辆销售服务有限公司,爱觉管家式长租公寓",闽D1YX58,正北(0),"118.00302,24.598892",2242363.0,1.除医疗用毒性药品（中药饮片）外委托鹭燕医药股份有限公司【仓库地址：厦门市集美区灌南工业区安仁大道1599号（4号仓库）三层西侧、6#（鹭燕厦门现代医药仓储中心）自动化高架物流仓库及1-4层平层仓库】储存、配送
59448,2023-09-12 11:33:19,0 km/h,828.51 km,30秒 / 1分30秒,在线 / 停车 / ACC开,"福建省厦门市集美区灌口镇;集美北大道788号-之18区;江淮轻卡,厦门迅闽车辆销售服务有限公司,爱觉管家式长租公寓",闽D1YX58,正北(0),"118.00302,24.598892",2242363.0,1.除医疗用毒性药品（中药饮片）外委托鹭燕医药股份有限公司【仓库地址：厦门市集美区灌南工业区安仁大道1599号（4号仓库）三层西侧、6#（鹭燕厦门现代医药仓储中心）自动化高架物流仓库及1-4层平层仓库】储存、配送
59449,2023-09-12 11:33:49,0 km/h,828.51 km,1分 / 1分30秒,在线 / 停车 / ACC开,"福建省厦门市集美区灌口镇;集美北大道788号-之18区;江淮轻卡,厦门迅闽车辆销售服务有限公司,爱觉管家式长租公寓",闽D1YX58,正北(0),"118.00302,24.598892",2242363.0,1.除医疗用毒性药品（中药饮片）外委托鹭燕医药股份有限公司【仓库地址：厦门市集美区灌南工业区安仁大道1599号（4号仓库）三层西侧、6#（鹭燕厦门现代医药仓储中心）自动化高架物流仓库及1-4层平层仓库】储存、配送
59450,2023-09-12 11:34:19,0 km/h,828.51 km,1分30秒 / 1分30秒,在线 / 停车 / ACC开,"福建省厦门市集美区灌口镇;集美北大道788号-之18区;江淮轻卡,厦门迅闽车辆销售服务有限公司,爱觉管家式长租公寓",闽D1YX58,正北(0),"118.00302,24.598892",2242363.0,1.除医疗用毒性药品（中药饮片）外委托鹭燕医药股份有限公司【仓库地址：厦门市集美区灌南工业区安仁大道1599号（4号仓库）三层西侧、6#（鹭燕厦门现代医药仓储中心）自动化高架物流仓库及1-4层平层仓库】储存、配送
59652,2023-09-12 14:34:58,0 km/h,843.7 km,0秒 / 0秒,在线 / 停车 / ACC开,"福建省厦门市集美区侨英街道;印斗北路,印斗北路-信毅路交叉路口;厦门医学院附属第二医院,福建中医学院临床实习医院,网盒教育",闽D1YX58,正北(0),"118.099853,24.58699",2244730.0,厦门市集美区侨英街道孙厝乐安东里28-102号
59664,2023-09-12 14:35:58,0 km/h,843.74 km,0秒 / 59秒,在线 / 停车 / ACC开,"福建省厦门市集美区侨英街道;印斗北路,印斗北路-信毅路交叉路口;厦门医学院附属第二医院,福建中医学院临床实习医院,网盒教育",闽D1YX58,正北(0),"118.099868,24.586968",2244730.0,厦门市集美区侨英街道孙厝乐安东里28-102号
59665,2023-09-12 14:36:28,0 km/h,843.74 km,30秒 / 59秒,在线 / 停车 / ACC开,"福建省厦门市集美区侨英街道;印斗北路,印斗北路-信毅路交叉路口;厦门医学院附属第二医院,福建中医学院临床实习医院,网盒教育",闽D1YX58,正北(0),"118.099868,24.586968",2244730.0,厦门市集美区侨英街道孙厝乐安东里28-102号
59666,2023-09-12 14:36:57,0 km/h,843.74 km,59秒 / 59秒,在线 / 停车 / ACC开,"福建省厦门市集美区侨英街道;印斗北路,印斗北路-信毅路交叉路口;厦门医学院附属第二医院,福建中医学院临床实习医院,网盒教育",闽D1YX58,正北(0),"118.099868,24.586968",2244730.0,厦门市集美区侨英街道孙厝乐安东里28-102号
